"ONSConstID","ConstituencyName","RegionID","RegionName","asian","black","mixed","white","other"
"E14001063","Aldershot","E12000008","South East",0.132776973,0.023673678,0.025002129,0.793340407,0.025002129
"E14001064","Aldridge-Brownhills","E12000005","West Midlands",0.086983462,0.020768344,0.024026751,0.853638852,0.024026751
"E14001065","Altrincham & Sale West","E12000002","North West",0.120814879,0.016517543,0.032182951,0.805613858,0.032182951
"E14001066","Amber Valley","E12000004","East Midlands",0.008037239,0.002612322,0.010672572,0.976839643,0.010672572
"E14001067","Arundel & South Downs","E12000008","South East",0.010135964,0.003406357,0.014725706,0.967862856,0.014725706
"E14001068","Ashfield","E12000004","East Midlands",0.014796293,0.009713643,0.013660138,0.95738806,0.013660138
"E14001069","Ashford","E12000008","South East",0.069689934,0.029780182,0.023573248,0.860152343,0.023573248
"E14001070","Ashton-under-Lyne","E12000002","North West",0.136308202,0.032627601,0.02405086,0.794948342,0.02405086
"E14001071","Aylesbury","E12000008","South East",0.128860752,0.036321448,0.035289173,0.784702641,0.035289173
"E14001072","Banbury","E12000008","South East",0.054290855,0.014828946,0.024082288,0.897052894,0.024082288
"E14001073","Barking","E12000007","London",0.280601722,0.216722963,0.043208586,0.422842099,0.043208586
"E14001074","Barnsley North","E12000003","Yorkshire and The Humber",0.010038271,0.007195979,0.009186428,0.967732675,0.009186428
"E14001075","Barnsley South","E12000003","Yorkshire and The Humber",0.008382467,0.008000712,0.009698368,0.967853712,0.009698368
"E14001076","Barrow & Furness","E12000002","North West",0.011946913,0.002956169,0.008108802,0.973784575,0.008108802
"E14001077","Basildon & Billericay","E12000006","East of England",0.040868809,0.050850122,0.027390798,0.872084238,0.027390798
"E14001078","Basingstoke","E12000008","South East",0.076855959,0.023903876,0.028621028,0.855958807,0.028621028
"E14001079","Bassetlaw","E12000004","East Midlands",0.013003388,0.006612093,0.012302908,0.962736591,0.012302908
"E14001080","Bath","E12000009","South West",0.051341139,0.014041186,0.036479743,0.884916499,0.036479743
"E14001081","Battersea","E12000007","London",0.090929127,0.123611086,0.063913019,0.679002797,0.063913019
"E14001082","Beaconsfield","E12000008","South East",0.130001244,0.016066172,0.034671835,0.795907791,0.034671835
"E14001083","Beckenham & Penge","E12000007","London",0.069650673,0.105647277,0.06940802,0.727902648,0.06940802
"E14001084","Bedford","E12000006","East of England",0.168011058,0.066422342,0.048525413,0.692987641,0.048525413
"E14001085","Bermondsey & Old Southwark","E12000007","London",0.131729487,0.181869932,0.067227205,0.559887353,0.067227205
"E14001086","Bethnal Green & Stepney","E12000007","London",0.494233015,0.065369686,0.044818392,0.35727663,0.044818392
"E14001087","Beverley & Holderness","E12000003","Yorkshire and The Humber",0.008860883,0.002458419,0.008167597,0.977899649,0.008167597
"E14001088","Bexhill & Battle","E12000008","South East",0.014869765,0.005723772,0.018000427,0.956267489,0.018000427
"E14001089","Bexleyheath & Crayford","E12000007","London",0.100566587,0.109729275,0.03327556,0.731808921,0.03327556
"E14001090","Bicester & Woodstock","E12000008","South East",0.048777594,0.01545184,0.029499866,0.893774777,0.029499866
"E14001091","Birkenhead","E12000002","North West",0.033197774,0.006113977,0.016636806,0.935396418,0.016636806
"E14001092","Birmingham Edgbaston","E12000005","West Midlands",0.23022964,0.114081075,0.058461935,0.542263107,0.058461935
"E14001093","Birmingham Erdington","E12000005","West Midlands",0.152879899,0.133154786,0.058485248,0.630768712,0.058485248
"E14001094","Birmingham Hall Green & Moseley","E12000005","West Midlands",0.542374615,0.056991108,0.038474326,0.29598722,0.038474326
"E14001095","Birmingham Hodge Hill & Solihull North","E12000005","West Midlands",0.34097618,0.0787126,0.048874424,0.496627182,0.048874424
"E14001096","Birmingham Ladywood","E12000005","West Midlands",0.407851504,0.237052987,0.049318821,0.223264787,0.049318821
"E14001097","Birmingham Northfield","E12000005","West Midlands",0.063717668,0.075954652,0.058809886,0.778323821,0.058809886
"E14001098","Birmingham Perry Barr","E12000005","West Midlands",0.529932134,0.171567139,0.037855226,0.210251375,0.037855226
"E14001099","Birmingham Selly Oak","E12000005","West Midlands",0.163924257,0.061678781,0.05576184,0.68869883,0.05576184
"E14001100","Birmingham Yardley","E12000005","West Midlands",0.408731732,0.064263502,0.041200877,0.440850148,0.041200877
"E14001101","Bishop Auckland","E12000001","North East",0.007433155,0.003055688,0.007325372,0.980331916,0.007325372
"E14001102","Blackburn","E12000002","North West",0.474722675,0.010959586,0.018298595,0.478236529,0.018298595
"E14001103","Blackley & Middleton South","E12000002","North West",0.149314648,0.143553718,0.041021798,0.633007035,0.041021798
"E14001104","Blackpool North & Fleetwood","E12000002","North West",0.010177638,0.002652088,0.011241632,0.972758705,0.011241632
"E14001105","Blackpool South","E12000002","North West",0.030302477,0.005593076,0.016723019,0.940272321,0.016723019
"E14001106","Blaydon & Consett","E12000001","North East",0.008084033,0.002108852,0.008532722,0.978028986,0.008532722
"E14001107","Blyth & Ashington","E12000001","North East",0.011424745,0.002166827,0.007416235,0.974816692,0.007416235
"E14001108","Bognor Regis & Littlehampton","E12000008","South East",0.01745773,0.005968671,0.015580194,0.954968755,0.015580194
"E14001109","Bolsover","E12000004","East Midlands",0.008846355,0.004832295,0.009644281,0.973812238,0.009644281
"E14001110","Bolton North East","E12000002","North West",0.16771713,0.038194139,0.023121895,0.755104549,0.023121895
"E14001111","Bolton South & Walkden","E12000002","North West",0.24336226,0.061714804,0.023936343,0.645941456,0.023936343
"E14001112","Bolton West","E12000002","North West",0.119343448,0.017024351,0.021705284,0.830682822,0.021705284
"E14001113","Bootle","E12000002","North West",0.01578221,0.006845136,0.014440576,0.953689361,0.014440576
"E14001114","Boston & Skegness","E12000004","East Midlands",0.01643872,0.004896589,0.013202512,0.957337121,0.013202512
"E14001115","Bournemouth East","E12000009","South West",0.045045213,0.015186511,0.036600989,0.88063033,0.036600989
"E14001116","Bournemouth West","E12000009","South West",0.042296213,0.015230368,0.037325126,0.884909531,0.037325126
"E14001117","Bracknell","E12000008","South East",0.073698172,0.025781097,0.030654353,0.856602476,0.030654353
"E14001118","Bradford East","E12000003","Yorkshire and The Humber",0.456602124,0.027371588,0.032136615,0.457030725,0.032136615
"E14001119","Bradford South","E12000003","Yorkshire and The Humber",0.220270727,0.024629099,0.03448623,0.704038952,0.03448623
"E14001120","Bradford West","E12000003","Yorkshire and The Humber",0.61006139,0.031255407,0.028527872,0.295315398,0.028527872
"E14001121","Braintree","E12000006","East of England",0.016229089,0.011245127,0.018293736,0.94947839,0.018293736
"E14001122","Brent East","E12000007","London",0.222682329,0.216504349,0.060255743,0.379867532,0.060255743
"E14001123","Brent West","E12000007","London",0.500957567,0.123997545,0.033507391,0.255962357,0.033507391
"E14001124","Brentford & Isleworth","E12000007","London",0.352974535,0.070879232,0.050308407,0.454469034,0.050308407
"E14001125","Brentwood & Ongar","E12000006","East of England",0.04510987,0.019487137,0.029118594,0.895959562,0.029118594
"E14001126","Bridgwater","E12000009","South West",0.016360969,0.003811283,0.011632948,0.962631425,0.011632948
"E14001127","Bridlington & The Wolds","E12000003","Yorkshire and The Humber",0.007030674,0.001739,0.007904967,0.980691149,0.007904967
"E14001128","Brigg & Immingham","E12000003","Yorkshire and The Humber",0.012964449,0.003277159,0.008445036,0.971641252,0.008445036
"E14001129","Brighton Kemptown & Peacehaven","E12000008","South East",0.046929061,0.022038626,0.039789049,0.866645959,0.039789049
"E14001130","Brighton Pavilion","E12000008","South East",0.049544259,0.019530378,0.051786564,0.853337332,0.051786564
"E14001131","Bristol Central","E12000009","South West",0.081380946,0.057247506,0.053360529,0.781570704,0.053360529
"E14001132","Bristol East","E12000009","South West",0.067475353,0.098078234,0.048112308,0.765071655,0.048112308
"E14001133","Bristol North East","E12000009","South West",0.084860759,0.063382279,0.044911392,0.788172025,0.044911392
"E14001134","Bristol North West","E12000009","South West",0.054683493,0.033839476,0.039316068,0.856271138,0.039316068
"E14001135","Bristol South","E12000009","South West",0.03023171,0.025668613,0.033171303,0.900899648,0.033171303
"E14001136","Broadland & Fakenham","E12000006","East of England",0.008828941,0.003310925,0.011786894,0.973125363,0.011786894
"E14001137","Bromley & Biggin Hill","E12000007","London",0.080792136,0.060691479,0.053331829,0.782049836,0.053331829
"E14001138","Bromsgrove","E12000005","West Midlands",0.031849945,0.007723098,0.024338849,0.930693725,0.024338849
"E14001139","Broxbourne","E12000006","East of England",0.035085615,0.06139752,0.038822054,0.82226548,0.038822054
"E14001140","Broxtowe","E12000004","East Midlands",0.053857382,0.016510482,0.026050811,0.890233446,0.026050811
"E14001141","Buckingham & Bletchley","E12000008","South East",0.086382354,0.065394993,0.033663085,0.801751056,0.033663085
"E14001142","Burnley","E12000002","North West",0.196562394,0.0032956,0.016092667,0.775971927,0.016092667
"E14001143","Burton & Uttoxeter","E12000005","West Midlands",0.101410253,0.011969822,0.022953266,0.852194839,0.022953266
"E14001144","Bury North","E12000002","North West",0.126165687,0.016896412,0.022014773,0.822418326,0.022014773
"E14001145","Bury South","E12000002","North West",0.082626742,0.026111887,0.030346753,0.829359558,0.030346753
"E14001146","Bury St Edmunds & Stowmarket","E12000006","East of England",0.018892983,0.007541745,0.018933128,0.947837971,0.018933128
"E14001147","Calder Valley","E12000003","Yorkshire and The Humber",0.022806432,0.004845994,0.018869068,0.949702205,0.018869068
"E14001148","Camborne & Redruth","E12000009","South West",0.005872967,0.001706,0.011968192,0.968676372,0.011968192
"E14001149","Cambridge","E12000006","East of England",0.139253563,0.024636735,0.051723443,0.753326313,0.051723443
"E14001150","Cannock Chase","E12000005","West Midlands",0.012016688,0.004695877,0.014146017,0.966255757,0.014146017
"E14001151","Canterbury","E12000008","South East",0.050209751,0.033522886,0.032599981,0.864426213,0.032599981
"E14001152","Carlisle","E12000002","North West",0.015301601,0.00317507,0.008863435,0.967107727,0.008863435
"E14001153","Carshalton & Wallington","E12000007","London",0.159016893,0.073961567,0.050345668,0.686318302,0.050345668
"E14001154","Castle Point","E12000006","East of England",0.017323677,0.013522518,0.016286005,0.948148906,0.016286005
"E14001155","Central Devon","E12000009","South West",0.005678316,0.001728335,0.011796655,0.977748675,0.011796655
"E14001156","Central Suffolk & North Ipswich","E12000006","East of England",0.021844402,0.012403627,0.024902831,0.932969375,0.024902831
"E14001157","Chatham & Aylesford","E12000008","South East",0.050765641,0.051899224,0.025722896,0.857782523,0.025722896
"E14001158","Cheadle","E12000002","North West",0.115994093,0.008494014,0.025838143,0.826370363,0.025838143
"E14001159","Chelmsford","E12000006","East of England",0.071748378,0.034027312,0.030781285,0.851652862,0.030781285
"E14001160","Chelsea & Fulham","E12000007","London",0.091551065,0.079519402,0.060660319,0.704111506,0.060660319
"E14001161","Cheltenham","E12000009","South West",0.041198838,0.01002026,0.025419923,0.912691861,0.025419923
"E14001162","Chesham & Amersham","E12000008","South East",0.120705842,0.010004139,0.035070009,0.819955844,0.035070009
"E14001163","Chester North & Neston","E12000002","North West",0.029807335,0.009585573,0.018173132,0.932763603,0.018173132
"E14001164","Chester South & Eddisbury","E12000002","North West",0.015889763,0.005189333,0.014024768,0.961005665,0.014024768
"E14001165","Chesterfield","E12000004","East Midlands",0.019819852,0.00797958,0.014672129,0.953538391,0.014672129
"E14001166","Chichester","E12000008","South East",0.020500153,0.007124751,0.016323552,0.949666282,0.016323552
"E14001167","Chingford & Woodford Green","E12000007","London",0.148351006,0.107497726,0.064356302,0.628608678,0.064356302
"E14001168","Chippenham","E12000009","South West",0.022594545,0.011475946,0.018296168,0.941404958,0.018296168
"E14001169","Chipping Barnet","E12000007","London",0.169337196,0.06295007,0.056413255,0.633699133,0.056413255
"E14001170","Chorley","E12000002","North West",0.019876219,0.005677724,0.015348031,0.954283674,0.015348031
"E14001171","Christchurch","E12000009","South West",0.011979374,0.002566563,0.013227964,0.968683886,0.013227964
"E14001172","Cities of London & Westminster","E12000007","London",0.178394913,0.054133571,0.061201357,0.600287016,0.061201357
"E14001173","City of Durham","E12000001","North East",0.041102558,0.00720139,0.018912342,0.922741579,0.018912342
"E14001174","Clacton","E12000006","East of England",0.012955067,0.006222569,0.016346027,0.960942752,0.016346027
"E14001175","Clapham & Brixton Hill","E12000007","London",0.056921334,0.228809282,0.074609238,0.586691661,0.074609238
"E14001176","Colchester","E12000006","East of England",0.068069101,0.0430527,0.034235731,0.835372394,0.034235731
"E14001177","Colne Valley","E12000003","Yorkshire and The Humber",0.044127189,0.012993155,0.028490365,0.90676996,0.028490365
"E14001178","Congleton","E12000002","North West",0.01200671,0.003326686,0.013185713,0.967986803,0.013185713
"E14001179","Corby & East Northamptonshire","E12000004","East Midlands",0.018106028,0.024907583,0.01727406,0.931649643,0.01727406
"E14001180","Coventry East","E12000005","West Midlands",0.20642194,0.107201434,0.035770447,0.611597707,0.035770447
"E14001181","Coventry North West","E12000005","West Midlands",0.130068039,0.058020319,0.031214465,0.749659761,0.031214465
"E14001182","Coventry South","E12000005","West Midlands",0.213324204,0.098687288,0.034663304,0.613559448,0.034663304
"E14001183","Cramlington & Killingworth","E12000001","North East",0.01741922,0.003883889,0.010946562,0.964260382,0.010946562
"E14001184","Crawley","E12000008","South East",0.153900685,0.044990379,0.040829761,0.733711724,0.040829761
"E14001185","Crewe & Nantwich","E12000002","North West",0.029761198,0.009013031,0.01988037,0.929026072,0.01988037
"E14001186","Croydon East","E12000007","London",0.1252071,0.215921712,0.075248065,0.55233508,0.075248065
"E14001187","Croydon South","E12000007","London",0.164073634,0.110886778,0.069131038,0.628335122,0.069131038
"E14001188","Croydon West","E12000007","London",0.231229491,0.305609521,0.08050218,0.332963114,0.08050218
"E14001189","Dagenham & Rainham","E12000007","London",0.176437032,0.175363243,0.039461762,0.580097983,0.039461762
"E14001190","Darlington","E12000001","North East",0.029081235,0.006769528,0.013908862,0.940974646,0.013908862
"E14001191","Dartford","E12000008","South East",0.103334222,0.110473075,0.031890556,0.73314284,0.031890556
"E14001192","Daventry","E12000004","East Midlands",0.020620219,0.012952877,0.019196826,0.942741459,0.019196826
"E14001193","Derby North","E12000004","East Midlands",0.109680731,0.034203185,0.033583246,0.801939054,0.033583246
"E14001194","Derby South","E12000004","East Midlands",0.241060429,0.055021178,0.04476957,0.614843314,0.04476957
"E14001195","Derbyshire Dales","E12000004","East Midlands",0.009783701,0.002943808,0.011429403,0.972865057,0.011429403
"E14001196","Dewsbury & Batley","E12000003","Yorkshire and The Humber",0.441789204,0.007680348,0.023347916,0.512141227,0.023347916
"E14001197","Didcot & Wantage","E12000008","South East",0.032611254,0.013801415,0.021464682,0.924082172,0.021464682
"E14001198","Doncaster Central","E12000003","Yorkshire and The Humber",0.057088844,0.021357042,0.020822,0.875282011,0.020822
"E14001199","Doncaster East & the Isle of Axholme","E12000003","Yorkshire and The Humber",0.017037144,0.00563639,0.011550573,0.961153153,0.011550573
"E14001200","Doncaster North","E12000003","Yorkshire and The Humber",0.010598806,0.006938196,0.011446474,0.967480108,0.011446474
"E14001201","Dorking & Horley","E12000008","South East",0.03575045,0.013462378,0.025102061,0.916934216,0.025102061
"E14001202","Dover & Deal","E12000008","South East",0.0216349,0.007519118,0.014911907,0.946998214,0.014911907
"E14001203","Droitwich & Evesham","E12000005","West Midlands",0.012364604,0.003647247,0.012080208,0.966593126,0.012080208
"E14001204","Dudley","E12000005","West Midlands",0.109094151,0.042801827,0.033433357,0.802212513,0.033433357
"E14001205","Dulwich & West Norwood","E12000007","London",0.064110106,0.253433803,0.085315181,0.548875796,0.085315181
"E14001206","Dunstable & Leighton Buzzard","E12000006","East of England",0.043508056,0.038136692,0.034487868,0.872744951,0.034487868
"E14001207","Ealing Central & Acton","E12000007","London",0.159704288,0.107139081,0.064866416,0.557065703,0.064866416
"E14001208","Ealing North","E12000007","London",0.268134603,0.132615281,0.054832373,0.432052165,0.054832373
"E14001209","Ealing Southall","E12000007","London",0.468832562,0.093406242,0.039429651,0.306774369,0.039429651
"E14001210","Earley & Woodley","E12000008","South East",0.195930607,0.045357372,0.039748004,0.695382414,0.039748004
"E14001211","Easington","E12000001","North East",0.00870359,0.001823888,0.00645009,0.980820654,0.00645009
"E14001212","East Grinstead & Uckfield","E12000008","South East",0.022843276,0.007007357,0.023000167,0.94128072,0.023000167
"E14001213","East Ham","E12000007","London",0.588461099,0.127813179,0.032411188,0.202785515,0.032411188
"E14001214","East Hampshire","E12000008","South East",0.015507277,0.004270627,0.015353629,0.960465478,0.015353629
"E14001215","East Surrey","E12000008","South East",0.040266223,0.02473655,0.039076287,0.8863914,0.039076287
"E14001216","East Thanet","E12000008","South East",0.025658107,0.012162857,0.026248169,0.922083484,0.026248169
"E14001217","East Wiltshire","E12000009","South West",0.028387964,0.022417712,0.019402985,0.918592176,0.019402985
"E14001218","East Worthing & Shoreham","E12000008","South East",0.029320244,0.008582533,0.025224846,0.926473541,0.025224846
"E14001219","Eastbourne","E12000008","South East",0.034854446,0.012863887,0.027557041,0.908162587,0.027557041
"E14001220","Eastleigh","E12000008","South East",0.049853028,0.010282721,0.021783978,0.908566819,0.021783978
"E14001221","Edmonton & Winchmore Hill","E12000007","London",0.119972873,0.228590355,0.054119484,0.459680472,0.054119484
"E14001222","Ellesmere Port & Bromborough","E12000002","North West",0.017845883,0.004351135,0.013347626,0.959557879,0.013347626
"E14001223","Eltham & Chislehurst","E12000007","London",0.094314332,0.108379069,0.0502726,0.713379981,0.0502726
"E14001224","Ely & East Cambridgeshire","E12000006","East of England",0.024784535,0.008703979,0.02274602,0.936227707,0.02274602
"E14001225","Enfield North","E12000007","London",0.095332678,0.202630029,0.063544651,0.524090285,0.063544651
"E14001226","Epping Forest","E12000006","East of England",0.087267944,0.034965649,0.040296253,0.811801761,0.040296253
"E14001227","Epsom & Ewell","E12000008","South East",0.097833243,0.017819891,0.040961643,0.81891764,0.040961643
"E14001228","Erewash","E12000004","East Midlands",0.017010464,0.008258472,0.018923037,0.951815423,0.018923037
"E14001229","Erith & Thamesmead","E12000007","London",0.136123521,0.305853763,0.054544242,0.461558977,0.054544242
"E14001230","Esher & Walton","E12000008","South East",0.065857733,0.011988264,0.041074863,0.861688072,0.041074863
"E14001231","Exeter","E12000009","South West",0.053335956,0.009714826,0.027120311,0.894163923,0.027120311
"E14001232","Exmouth & Exeter East","E12000009","South West",0.016211411,0.003452658,0.014030242,0.961461465,0.014030242
"E14001233","Fareham & Waterlooville","E12000008","South East",0.018712301,0.005828874,0.013662308,0.957535194,0.013662308
"E14001234","Farnham & Bordon","E12000008","South East",0.031577477,0.007255314,0.020738937,0.93397118,0.020738937
"E14001235","Faversham & Mid Kent","E12000008","South East",0.021922786,0.015563967,0.018501135,0.936886048,0.018501135
"E14001236","Feltham & Heston","E12000007","London",0.436324173,0.07640198,0.03833242,0.373575864,0.03833242
"E14001237","Filton & Bradley Stoke","E12000009","South West",0.073475433,0.025926478,0.032792383,0.852350431,0.032792383
"E14001238","Finchley & Golders Green","E12000007","London",0.171755452,0.058821663,0.052597779,0.605080167,0.052597779
"E14001239","Folkestone & Hythe","E12000008","South East",0.042958414,0.00677346,0.019818584,0.919408056,0.019818584
"E14001240","Forest of Dean","E12000009","South West",0.007362137,0.002915693,0.010954684,0.974803052,0.010954684
"E14001241","Frome & East Somerset","E12000009","South West",0.010180344,0.003526804,0.015073905,0.968224427,0.015073905
"E14001242","Fylde","E12000002","North West",0.014614063,0.003894616,0.014063734,0.963095748,0.014063734
"E14001243","Gainsborough","E12000004","East Midlands",0.011939008,0.003499213,0.011360651,0.969606675,0.011360651
"E14001244","Gateshead Central & Whickham","E12000001","North East",0.034639016,0.0162372,0.014706782,0.911371767,0.014706782
"E14001245","Gedling","E12000004","East Midlands",0.041818777,0.02518822,0.03760425,0.886138105,0.03760425
"E14001246","Gillingham & Rainham","E12000008","South East",0.063346073,0.053161439,0.028511108,0.841493094,0.028511108
"E14001247","Glastonbury & Somerton","E12000009","South West",0.008883119,0.003838822,0.011797839,0.972555523,0.011797839
"E14001248","Gloucester","E12000009","South West",0.06605678,0.039608298,0.039814457,0.841927587,0.039814457
"E14001249","Godalming & Ash","E12000008","South East",0.025932836,0.007234364,0.022025291,0.938091149,0.022025291
"E14001250","Goole & Pocklington","E12000003","Yorkshire and The Humber",0.01235892,0.002533394,0.010376574,0.970775717,0.010376574
"E14001251","Gorton & Denton","E12000002","North West",0.266019861,0.091488033,0.042089245,0.565570347,0.042089245
"E14001252","Gosport","E12000008","South East",0.013493202,0.01117655,0.014510818,0.955647153,0.014510818
"E14001253","Grantham & Bourne","E12000004","East Midlands",0.019715415,0.006534401,0.012897418,0.955956704,0.012897418
"E14001254","Gravesham","E12000008","South East",0.112242989,0.065031525,0.026454136,0.766056762,0.026454136
"E14001255","Great Grimsby & Cleethorpes","E12000003","Yorkshire and The Humber",0.014837017,0.005808935,0.010983487,0.960962138,0.010983487
"E14001256","Great Yarmouth","E12000006","East of England",0.019408917,0.01106767,0.015789474,0.945974936,0.015789474
"E14001257","Greenwich & Woolwich","E12000007","London",0.138512622,0.199940403,0.067642927,0.553079472,0.067642927
"E14001258","Guildford","E12000008","South East",0.081180703,0.016385547,0.034569867,0.845020445,0.034569867
"E14001259","Hackney North & Stoke Newington","E12000007","London",0.102839105,0.193456554,0.061882358,0.551643172,0.061882358
"E14001260","Hackney South & Shoreditch","E12000007","London",0.106541574,0.2365557,0.07251437,0.504500313,0.07251437
"E14001261","Halesowen","E12000005","West Midlands",0.092321495,0.024444561,0.033004381,0.823864416,0.033004381
"E14001262","Halifax","E12000003","Yorkshire and The Humber",0.180945299,0.008941767,0.020067853,0.778630417,0.020067853
"E14001263","Hamble Valley","E12000008","South East",0.022067012,0.007023842,0.017143694,0.949262148,0.017143694
"E14001264","Hammersmith & Chiswick","E12000007","London",0.109988815,0.112148327,0.069741031,0.633484942,0.069741031
"E14001265","Hampstead & Highgate","E12000007","London",0.137396156,0.069857377,0.065588077,0.654990521,0.065588077
"E14001266","Harborough, Oadby & Wigston","E12000004","East Midlands",0.181514278,0.015629931,0.028035263,0.752968483,0.028035263
"E14001267","Harlow","E12000006","East of England",0.052852296,0.054337164,0.031047237,0.844412848,0.031047237
"E14001268","Harpenden & Berkhamsted","E12000006","East of England",0.032089215,0.011078295,0.031164272,0.91740666,0.031164272
"E14001269","Harrogate & Knaresborough","E12000003","Yorkshire and The Humber",0.020655776,0.006631487,0.018214522,0.948489478,0.018214522
"E14001270","Harrow East","E12000007","London",0.46506124,0.06794188,0.029068441,0.364864583,0.029068441
"E14001271","Harrow West","E12000007","London",0.44634928,0.087373442,0.044634104,0.342376035,0.044634104
"E14001272","Hartlepool","E12000001","North East",0.017327644,0.004819337,0.007266781,0.96458716,0.007266781
"E14001273","Harwich & North Essex","E12000006","East of England",0.019377196,0.01532032,0.01928546,0.939381016,0.01928546
"E14001274","Hastings & Rye","E12000008","South East",0.025453886,0.012746024,0.02707576,0.921091045,0.02707576
"E14001275","Havant","E12000008","South East",0.01715645,0.006409987,0.014651398,0.957698434,0.014651398
"E14001276","Hayes & Harlington","E12000007","London",0.444668597,0.110156484,0.038630718,0.320422145,0.038630718
"E14001277","Hazel Grove","E12000002","North West",0.02541,0.005929226,0.018326964,0.944193148,0.018326964
"E14001278","Hemel Hempstead","E12000006","East of England",0.075519371,0.038810044,0.037435381,0.833839958,0.037435381
"E14001279","Hendon","E12000007","London",0.238245879,0.110576224,0.049629782,0.496710717,0.049629782
"E14001280","Henley & Thame","E12000008","South East",0.021798022,0.006951007,0.022753523,0.94119994,0.022753523
"E14001281","Hereford & South Herefordshire","E12000005","West Midlands",0.014987874,0.00388736,0.011691542,0.962696932,0.011691542
"E14001282","Herne Bay & Sandwich","E12000008","South East",0.017423384,0.005838248,0.017120002,0.953316612,0.017120002
"E14001283","Hertford & Stortford","E12000006","East of England",0.032771686,0.015685756,0.03164587,0.908950687,0.03164587
"E14001284","Hertsmere","E12000006","East of England",0.096514998,0.047709869,0.036842255,0.779588523,0.036842255
"E14001285","Hexham","E12000001","North East",0.017659521,0.002464725,0.009481607,0.966885449,0.009481607
"E14001286","Heywood & Middleton North","E12000002","North West",0.105547403,0.039002526,0.023778863,0.820041695,0.023778863
"E14001287","High Peak","E12000004","East Midlands",0.007632088,0.002452627,0.013031286,0.974476374,0.013031286
"E14001288","Hinckley & Bosworth","E12000004","East Midlands",0.022406592,0.005997382,0.016723833,0.949717153,0.016723833
"E14001289","Hitchin","E12000006","East of England",0.048016046,0.023187495,0.03740997,0.880497607,0.03740997
"E14001290","Holborn & St Pancras","E12000007","London",0.217223165,0.106545935,0.067911715,0.548085125,0.067911715
"E14001291","Honiton & Sidmouth","E12000009","South West",0.010014459,0.001854687,0.011181411,0.974134982,0.011181411
"E14001292","Hornchurch & Upminster","E12000007","London",0.082872929,0.069470022,0.032823632,0.799040616,0.032823632
"E14001293","Hornsey & Friern Barnet","E12000007","London",0.082628516,0.081445199,0.074209505,0.697438903,0.074209505
"E14001294","Horsham","E12000008","South East",0.033865346,0.011118385,0.024229414,0.923865808,0.024229414
"E14001295","Houghton & Sunderland South","E12000001","North East",0.009239533,0.00463914,0.008113892,0.974851927,0.008113892
"E14001296","Hove & Portslade","E12000008","South East",0.042854751,0.015345369,0.046686168,0.856897902,0.046686168
"E14001297","Huddersfield","E12000003","Yorkshire and The Humber",0.231701549,0.063545897,0.053951537,0.617733348,0.053951537
"E14001298","Huntingdon","E12000006","East of England",0.039024526,0.017646678,0.02387764,0.911960844,0.02387764
"E14001299","Hyndburn","E12000002","North West",0.153482089,0.00279804,0.013549732,0.823821612,0.013549732
"E14001300","Ilford North","E12000007","London",0.503741274,0.074842231,0.03533705,0.329081539,0.03533705
"E14001301","Ilford South","E12000007","London",0.575890226,0.111181688,0.03527233,0.219814519,0.03527233
"E14001302","Ipswich","E12000006","East of England",0.059301516,0.037171224,0.046646926,0.834445218,0.046646926
"E14001303","Isle of Wight East","E12000008","South East",0.009652489,0.002528421,0.013027492,0.972322448,0.013027492
"E14001304","Isle of Wight West","E12000008","South East",0.013962024,0.004262932,0.011477377,0.96737479,0.011477377
"E14001305","Islington North","E12000007","London",0.085545965,0.145660328,0.076950394,0.618698572,0.076950394
"E14001306","Islington South & Finsbury","E12000007","London",0.110604205,0.12343688,0.072520137,0.623885114,0.072520137
"E14001307","Jarrow & Gateshead East","E12000001","North East",0.01621806,0.007054518,0.010122968,0.958091552,0.010122968
"E14001308","Keighley & Ilkley","E12000003","Yorkshire and The Humber",0.167812114,0.005151995,0.017659667,0.801657923,0.017659667
"E14001309","Kenilworth & Southam","E12000005","West Midlands",0.036244967,0.007910811,0.019793313,0.929827033,0.019793313
"E14001310","Kensington & Bayswater","E12000007","London",0.130215861,0.080465739,0.069409321,0.613830353,0.069409321
"E14001311","Kettering","E12000004","East Midlands",0.040705613,0.027070769,0.02037089,0.901997306,0.02037089
"E14001312","Kingston & Surbiton","E12000007","London",0.161175152,0.029700217,0.053119869,0.705169496,0.053119869
"E14001313","Kingston upon Hull East","E12000003","Yorkshire and The Humber",0.013093796,0.00812531,0.011728245,0.961183132,0.011728245
"E14001314","Kingston upon Hull North & Cottingham","E12000003","Yorkshire and The Humber",0.037298378,0.024025946,0.020086406,0.895065843,0.020086406
"E14001315","Kingston upon Hull West & Haltemprice","E12000003","Yorkshire and The Humber",0.026828246,0.01625339,0.015662513,0.922259039,0.015662513
"E14001316","Kingswinford & South Staffordshire","E12000005","West Midlands",0.027186175,0.006076741,0.01890722,0.942533182,0.01890722
"E14001317","Knowsley","E12000002","North West",0.011848276,0.008002094,0.016185724,0.958590505,0.016185724
"E14001318","Lancaster & Wyre","E12000002","North West",0.047958857,0.010770863,0.017958753,0.912963568,0.017958753
"E14001319","Leeds Central & Headingley","E12000003","Yorkshire and The Humber",0.132181908,0.062024615,0.048946512,0.710533115,0.048946512
"E14001320","Leeds East","E12000003","Yorkshire and The Humber",0.136525138,0.070047966,0.033522828,0.739820572,0.033522828
"E14001321","Leeds North East","E12000003","Yorkshire and The Humber",0.19918902,0.071646912,0.051944271,0.637398456,0.051944271
"E14001322","Leeds North West","E12000003","Yorkshire and The Humber",0.037618743,0.008369283,0.023177308,0.916997376,0.023177308
"E14001323","Leeds South","E12000003","Yorkshire and The Humber",0.109044135,0.140260471,0.040348903,0.678880939,0.040348903
"E14001324","Leeds South West & Morley","E12000003","Yorkshire and The Humber",0.03838057,0.018657417,0.021645111,0.914035999,0.021645111
"E14001325","Leeds West & Pudsey","E12000003","Yorkshire and The Humber",0.076700088,0.033912439,0.027648168,0.845885185,0.027648168
"E14001326","Leicester East","E12000004","East Midlands",0.687532591,0.040857419,0.028968417,0.201078345,0.028968417
"E14001327","Leicester South","E12000004","East Midlands",0.434558632,0.092347708,0.038543446,0.389567427,0.038543446
"E14001328","Leicester West","E12000004","East Midlands",0.181002924,0.101523411,0.045630385,0.633901881,0.045630385
"E14001329","Leigh & Atherton","E12000002","North West",0.021344443,0.016195679,0.015696498,0.939672509,0.015696498
"E14001330","Lewes","E12000008","South East",0.016742003,0.005847227,0.021715813,0.949585889,0.021715813
"E14001331","Lewisham East","E12000007","London",0.094461179,0.289356692,0.080987447,0.487094002,0.080987447
"E14001332","Lewisham North","E12000007","London",0.09958935,0.270876198,0.078997019,0.499022951,0.078997019
"E14001333","Lewisham West & East Dulwich","E12000007","London",0.059752596,0.200674739,0.08210334,0.621593407,0.08210334
"E14001334","Leyton & Wanstead","E12000007","London",0.232990745,0.134172033,0.062740416,0.519510619,0.062740416
"E14001335","Lichfield","E12000005","West Midlands",0.016060457,0.004106107,0.017276687,0.959791346,0.017276687
"E14001336","Lincoln","E12000004","East Midlands",0.029751813,0.012933348,0.018718423,0.927315947,0.018718423
"E14001337","Liverpool Garston","E12000002","North West",0.037225958,0.012114643,0.02948959,0.911074987,0.02948959
"E14001338","Liverpool Riverside","E12000002","North West",0.088917012,0.062239361,0.044156992,0.741801513,0.044156992
"E14001339","Liverpool Walton","E12000002","North West",0.030268643,0.019704676,0.018153435,0.921672211,0.018153435
"E14001340","Liverpool Wavertree","E12000002","North West",0.07260694,0.047311305,0.0500073,0.78144922,0.0500073
"E14001341","Liverpool West Derby","E12000002","North West",0.03753456,0.019219503,0.02369035,0.900788753,0.02369035
"E14001342","Loughborough","E12000004","East Midlands",0.108991987,0.020392562,0.026696981,0.829979125,0.026696981
"E14001343","Louth & Horncastle","E12000004","East Midlands",0.006945277,0.001966,0.009988407,0.979154077,0.009988407
"E14001344","Lowestoft","E12000006","East of England",0.010534412,0.003680619,0.012966684,0.969762167,0.012966684
"E14001345","Luton North","E12000006","East of England",0.375577728,0.105058096,0.044602825,0.44329848,0.044602825
"E14001346","Luton South & South Bedfordshire","E12000006","East of England",0.325943319,0.086987853,0.038834008,0.513935222,0.038834008
"E14001347","Macclesfield","E12000002","North West",0.020005732,0.006267461,0.015768052,0.952088312,0.015768052
"E14001348","Maidenhead","E12000008","South East",0.130668023,0.015297065,0.031812903,0.80383472,0.031812903
"E14001349","Maidstone & Malling","E12000008","South East",0.061419798,0.023332353,0.026145473,0.874641465,0.026145473
"E14001350","Makerfield","E12000002","North West",0.011574702,0.006737402,0.010401722,0.96653634,0.010401722
"E14001351","Maldon","E12000006","East of England",0.013773581,0.006951586,0.015404005,0.960289579,0.015404005
"E14001352","Manchester Central","E12000002","North West",0.175272638,0.115255483,0.048049668,0.614009721,0.048049668
"E14001353","Manchester Rusholme","E12000002","North West",0.268951683,0.176662479,0.061221908,0.407886984,0.061221908
"E14001354","Manchester Withington","E12000002","North West",0.146654948,0.036801055,0.056750522,0.717291026,0.056750522
"E14001355","Mansfield","E12000004","East Midlands",0.020004936,0.010064183,0.013966426,0.948919953,0.013966426
"E14001356","Melksham & Devizes","E12000009","South West",0.011642295,0.005096525,0.015956306,0.963097696,0.015956306
"E14001357","Melton & Syston","E12000004","East Midlands",0.076509076,0.005999118,0.016893647,0.894090771,0.016893647
"E14001358","Meriden & Solihull East","E12000005","West Midlands",0.076363745,0.018565452,0.036195591,0.856786177,0.036195591
"E14001359","Mid Bedfordshire","E12000006","East of England",0.045010139,0.021641806,0.032573126,0.892604313,0.032573126
"E14001360","Mid Buckinghamshire","E12000008","South East",0.041350961,0.015266317,0.028671637,0.906878756,0.028671637
"E14001361","Mid Cheshire","E12000002","North West",0.017273588,0.003612688,0.01352385,0.960225557,0.01352385
"E14001362","Mid Derbyshire","E12000004","East Midlands",0.018387743,0.007375419,0.018001023,0.952361079,0.018001023
"E14001363","Mid Dorset & North Poole","E12000009","South West",0.012338694,0.002827143,0.012916448,0.96839731,0.012916448
"E14001364","Mid Leicestershire","E12000004","East Midlands",0.124685163,0.015564739,0.026967729,0.818889788,0.026967729
"E14001365","Mid Norfolk","E12000006","East of England",0.009263456,0.006581067,0.01228882,0.968435907,0.01228882
"E14001366","Mid Sussex","E12000008","South East",0.039574377,0.008526509,0.025671514,0.917965339,0.025671514
"E14001367","Middlesbrough & Thornaby East","E12000001","North East",0.132990237,0.033231841,0.022947934,0.780669847,0.022947934
"E14001368","Middlesbrough South & East Cleveland","E12000001","North East",0.016481507,0.004480473,0.011135279,0.964278398,0.011135279
"E14001369","Milton Keynes Central","E12000008","South East",0.150622327,0.124068098,0.044349776,0.655350969,0.044349776
"E14001370","Milton Keynes North","E12000008","South East",0.090359632,0.060892352,0.035441054,0.799039903,0.035441054
"E14001371","Mitcham & Morden","E12000007","London",0.210613919,0.157140318,0.058741779,0.520886863,0.058741779
"E14001372","Morecambe & Lunesdale","E12000002","North West",0.008828833,0.002919554,0.009073801,0.975128669,0.009073801
"E14001373","New Forest East","E12000008","South East",0.011258434,0.005386886,0.012833788,0.966852472,0.012833788
"E14001374","New Forest West","E12000008","South East",0.012740215,0.002552433,0.012351633,0.968732258,0.012351633
"E14001375","Newark","E12000004","East Midlands",0.012611481,0.005777231,0.015524167,0.961327297,0.015524167
"E14001376","Newbury","E12000008","South East",0.035819612,0.009574425,0.01997829,0.92670217,0.01997829
"E14001377","Newcastle upon Tyne Central & West","E12000001","North East",0.169221356,0.043184948,0.020873489,0.725768701,0.020873489
"E14001378","Newcastle upon Tyne East & Wallsend","E12000001","North East",0.050903363,0.027562138,0.019625079,0.884416867,0.019625079
"E14001379","Newcastle upon Tyne North","E12000001","North East",0.071000927,0.01454088,0.024163552,0.869616382,0.024163552
"E14001380","Newcastle-under-Lyme","E12000005","West Midlands",0.045834723,0.012572794,0.017610524,0.915531782,0.017610524
"E14001381","Newton Abbot","E12000009","South West",0.008333956,0.001649941,0.011419145,0.975908312,0.011419145
"E14001382","Newton Aycliffe & Spennymoor","E12000001","North East",0.008612337,0.002963019,0.007194396,0.978194549,0.007194396
"E14001383","Normanton & Hemsworth","E12000003","Yorkshire and The Humber",0.010185067,0.007097861,0.010932676,0.968541903,0.010932676
"E14001384","North Bedfordshire","E12000006","East of England",0.0397344,0.023652571,0.03325753,0.895871104,0.03325753
"E14001385","North Cornwall","E12000009","South West",0.00566843,0.00121,0.011254992,0.973234074,0.011254992
"E14001386","North Cotswolds","E12000009","South West",0.013636915,0.006390399,0.018261378,0.957963987,0.018261378
"E14001387","North Devon","E12000009","South West",0.011509842,0.003295195,0.011905244,0.969851775,0.011905244
"E14001388","North Dorset","E12000009","South West",0.011615405,0.002908815,0.009671845,0.972325967,0.009671845
"E14001389","North Durham","E12000001","North East",0.010887835,0.002411496,0.007634231,0.97600236,0.007634231
"E14001390","North East Cambridgeshire","E12000006","East of England",0.012024797,0.007944486,0.013780853,0.959194229,0.013780853
"E14001391","North East Derbyshire","E12000004","East Midlands",0.009660609,0.003840747,0.011661744,0.972739062,0.011661744
"E14001392","North East Hampshire","E12000008","South East",0.031360197,0.007924244,0.022811918,0.931266662,0.022811918
"E14001393","North East Hertfordshire","E12000006","East of England",0.036521063,0.016820702,0.02897169,0.910156415,0.02897169
"E14001394","North East Somerset & Hanham","E12000009","South West",0.013751906,0.00568324,0.01813767,0.959307905,0.01813767
"E14001395","North Herefordshire","E12000005","West Midlands",0.008559228,0.002098032,0.009408647,0.975848868,0.009408647
"E14001396","North Norfolk","E12000006","East of England",0.005415222,0.001747,0.009543521,0.981015632,0.009543521
"E14001397","North Northumberland","E12000001","North East",0.006727815,0.001643487,0.00736983,0.981656441,0.00736983
"E14001398","North Shropshire","E12000005","West Midlands",0.009232198,0.0033084,0.00975779,0.974421928,0.00975779
"E14001399","North Somerset","E12000009","South West",0.013117681,0.003937111,0.017522632,0.961176355,0.017522632
"E14001400","North Warwickshire & Bedworth","E12000005","West Midlands",0.039575842,0.010921436,0.018170365,0.923166295,0.018170365
"E14001401","North West Cambridgeshire","E12000006","East of England",0.05012344,0.036824318,0.031474899,0.867612823,0.031474899
"E14001402","North West Essex","E12000006","East of England",0.025801946,0.011958632,0.023199748,0.931873875,0.023199748
"E14001403","North West Hampshire","E12000008","South East",0.037286539,0.016263769,0.021235306,0.918366651,0.021235306
"E14001404","North West Leicestershire","E12000004","East Midlands",0.015268871,0.006300993,0.015319422,0.958369705,0.015319422
"E14001405","North West Norfolk","E12000006","East of England",0.024257952,0.005819549,0.012812803,0.950135791,0.012812803
"E14001406","Northampton North","E12000004","East Midlands",0.08601589,0.086187406,0.038045639,0.77084519,0.038045639
"E14001407","Northampton South","E12000004","East Midlands",0.069754591,0.067000643,0.0340801,0.81555821,0.0340801
"E14001408","Norwich North","E12000006","East of England",0.024905432,0.014202854,0.021263932,0.930851888,0.021263932
"E14001409","Norwich South","E12000006","East of England",0.062863497,0.024774774,0.032054206,0.86161478,0.032054206
"E14001410","Nottingham East","E12000004","East Midlands",0.185775452,0.109878933,0.059032448,0.602275337,0.059032448
"E14001411","Nottingham North & Kimberley","E12000004","East Midlands",0.100800073,0.09576053,0.058046717,0.72516116,0.058046717
"E14001412","Nottingham South","E12000004","East Midlands",0.143280362,0.079613408,0.054047877,0.691357844,0.054047877
"E14001413","Nuneaton","E12000005","West Midlands",0.077961017,0.017590415,0.018133205,0.87641462,0.018133205
"E14001414","Old Bexley & Sidcup","E12000007","London",0.094607828,0.049687904,0.032099791,0.801515178,0.032099791
"E14001415","Oldham East & Saddleworth","E12000002","North West",0.206056756,0.029758945,0.026554702,0.724757471,0.026554702
"E14001416","Oldham West, Chadderton & Royton","E12000002","North West",0.327507097,0.038608487,0.02437914,0.594043638,0.02437914
"E14001417","Orpington","E12000007","London",0.100657681,0.061095048,0.038178042,0.783067274,0.038178042
"E14001418","Ossett & Denby Dale","E12000003","Yorkshire and The Humber",0.027945358,0.008753769,0.015716018,0.941931431,0.015716018
"E14001419","Oxford East","E12000008","South East",0.163801836,0.055653461,0.054716965,0.686554209,0.054716965
"E14001420","Oxford West & Abingdon","E12000008","South East",0.089165561,0.021249165,0.042103084,0.825969408,0.042103084
"E14001421","Peckham","E12000007","London",0.090541603,0.343730631,0.073539613,0.414624394,0.073539613
"E14001422","Pendle & Clitheroe","E12000002","North West",0.170389321,0.002325342,0.014348482,0.805012778,0.014348482
"E14001423","Penistone & Stocksbridge","E12000003","Yorkshire and The Humber",0.010986393,0.006504156,0.012895978,0.966209702,0.012895978
"E14001424","Penrith & Solway","E12000002","North West",0.007599125,0.00146,0.00712699,0.981181254,0.00712699
"E14001425","Peterborough","E12000006","East of England",0.197239145,0.037217553,0.03479602,0.696105499,0.03479602
"E14001426","Plymouth Moor View","E12000009","South West",0.015495306,0.007007287,0.012155486,0.959378454,0.012155486
"E14001427","Plymouth Sutton & Devonport","E12000009","South West",0.037826511,0.017600223,0.02633515,0.901764261,0.02633515
"E14001428","Pontefract, Castleford & Knottingley","E12000003","Yorkshire and The Humber",0.013369445,0.007690846,0.011049997,0.964768519,0.011049997
"E14001429","Poole","E12000009","South West",0.029311001,0.006882868,0.01952695,0.935400569,0.01952695
"E14001430","Poplar & Limehouse","E12000007","London",0.42926298,0.077035178,0.051056186,0.401256384,0.051056186
"E14001431","Portsmouth North","E12000008","South East",0.0483457,0.020273036,0.018625228,0.902928924,0.018625228
"E14001432","Portsmouth South","E12000008","South East",0.088374896,0.046695097,0.033586725,0.805266046,0.033586725
"E14001433","Preston","E12000002","North West",0.218078382,0.026721853,0.032592696,0.701218971,0.032592696
"E14001434","Putney","E12000007","London",0.120229966,0.079374775,0.063618397,0.689364418,0.063618397
"E14001435","Queen's Park & Maida Vale","E12000007","London",0.141317587,0.173285256,0.072227735,0.471907908,0.072227735
"E14001436","Rawmarsh & Conisbrough","E12000003","Yorkshire and The Humber",0.010386551,0.006842775,0.011203056,0.967578706,0.011203056
"E14001437","Rayleigh & Wickford","E12000006","East of England",0.017015367,0.0104144,0.018207065,0.950404694,0.018207065
"E14001438","Reading Central","E12000008","South East",0.191629274,0.069609915,0.048300583,0.658199375,0.048300583
"E14001439","Reading West & Mid Berkshire","E12000008","South East",0.060223002,0.033912186,0.039140752,0.857326922,0.039140752
"E14001440","Redcar","E12000001","North East",0.010044379,0.002229557,0.009422636,0.973061557,0.009422636
"E14001441","Redditch","E12000005","West Midlands",0.051736702,0.011132702,0.024937252,0.906616755,0.024937252
"E14001442","Reigate","E12000008","South East",0.08012416,0.027576933,0.037036355,0.840405836,0.037036355
"E14001443","Ribble Valley","E12000002","North West",0.061324373,0.006427732,0.015611125,0.910541357,0.015611125
"E14001444","Richmond & Northallerton","E12000003","Yorkshire and The Humber",0.018001253,0.005663682,0.008855549,0.960386764,0.008855549
"E14001445","Richmond Park","E12000007","London",0.108885578,0.019787592,0.059712606,0.764378287,0.059712606
"E14001446","Rochdale","E12000002","North West",0.292740047,0.031047451,0.023176266,0.630608384,0.023176266
"E14001447","Rochester & Strood","E12000008","South East",0.050726396,0.050639054,0.027745699,0.85870947,0.027745699
"E14001448","Romford","E12000007","London",0.128221234,0.081179688,0.041167125,0.724308707,0.041167125
"E14001449","Romsey & Southampton North","E12000008","South East",0.064312009,0.012594689,0.020504396,0.888878793,0.020504396
"E14001450","Rossendale & Darwen","E12000002","North West",0.036091827,0.003018147,0.013766172,0.943416718,0.013766172
"E14001451","Rother Valley","E12000003","Yorkshire and The Humber",0.025511151,0.006497475,0.011490995,0.952466251,0.011490995
"E14001452","Rotherham","E12000003","Yorkshire and The Humber",0.102514067,0.018166866,0.018564209,0.840517838,0.018564209
"E14001453","Rugby","E12000005","West Midlands",0.076594733,0.027457109,0.027585072,0.857010641,0.027585072
"E14001454","Ruislip, Northwood & Pinner","E12000007","London",0.323984701,0.040381688,0.041102612,0.553508902,0.041102612
"E14001455","Runcorn & Helsby","E12000002","North West",0.010715133,0.00423022,0.014451828,0.965116063,0.014451828
"E14001456","Runnymede & Weybridge","E12000008","South East",0.074885965,0.016134504,0.035925661,0.854789459,0.035925661
"E14001457","Rushcliffe","E12000004","East Midlands",0.064662869,0.009666511,0.029318755,0.886285875,0.029318755
"E14001458","Rutland & Stamford","E12000004","East Midlands",0.037202714,0.009634975,0.017805603,0.928703197,0.017805603
"E14001459","Salford","E12000002","North West",0.067356009,0.088757691,0.038765154,0.767848554,0.038765154
"E14001460","Salisbury","E12000009","South West",0.02747722,0.008755527,0.015435668,0.942818764,0.015435668
"E14001461","Scarborough & Whitby","E12000003","Yorkshire and The Humber",0.013767414,0.003292862,0.010207231,0.967824106,0.010207231
"E14001462","Scunthorpe","E12000003","Yorkshire and The Humber",0.048429618,0.006599582,0.012403747,0.920836271,0.012403747
"E14001463","Sefton Central","E12000002","North West",0.011510832,0.003150857,0.012579171,0.969620106,0.012579171
"E14001464","Selby","E12000003","Yorkshire and The Humber",0.007543149,0.003548542,0.010090998,0.975446846,0.010090998
"E14001465","Sevenoaks","E12000008","South East",0.032289195,0.019683139,0.026911014,0.912532032,0.026911014
"E14001466","Sheffield Brightside & Hillsborough","E12000003","Yorkshire and The Humber",0.130255805,0.081848335,0.041437592,0.689999545,0.041437592
"E14001467","Sheffield Central","E12000003","Yorkshire and The Humber",0.171397124,0.058988982,0.042679741,0.66903474,0.042679741
"E14001468","Sheffield Hallam","E12000003","Yorkshire and The Humber",0.058543879,0.013563077,0.030987492,0.881460569,0.030987492
"E14001469","Sheffield Heeley","E12000003","Yorkshire and The Humber",0.057621153,0.061131982,0.044779651,0.814020822,0.044779651
"E14001470","Sheffield South East","E12000003","Yorkshire and The Humber",0.112098618,0.029045523,0.027527431,0.811266638,0.027527431
"E14001471","Sherwood Forest","E12000004","East Midlands",0.01425036,0.012346159,0.01814526,0.951304766,0.01814526
"E14001472","Shipley","E12000003","Yorkshire and The Humber",0.067276404,0.007451971,0.022552069,0.89494796,0.022552069
"E14001473","Shrewsbury","E12000005","West Midlands",0.020016981,0.003855415,0.015152575,0.956099931,0.015152575
"E14001474","Sittingbourne & Sheppey","E12000008","South East",0.017183712,0.02725326,0.018767587,0.931362486,0.018767587
"E14001475","Skipton & Ripon","E12000003","Yorkshire and The Humber",0.014306684,0.002592778,0.010668497,0.969142219,0.010668497
"E14001476","Sleaford & North Hykeham","E12000004","East Midlands",0.010047266,0.003601599,0.012268029,0.970679463,0.012268029
"E14001477","Slough","E12000008","South East",0.478199544,0.074842049,0.039442211,0.350624895,0.039442211
"E14001478","Smethwick","E12000005","West Midlands",0.313213164,0.109937071,0.05015101,0.473988843,0.05015101
"E14001479","Solihull West & Shirley","E12000005","West Midlands",0.1619623,0.013587987,0.029947705,0.774277187,0.029947705
"E14001480","South Basildon & East Thurrock","E12000006","East of England",0.043020183,0.057232122,0.024481589,0.866819759,0.024481589
"E14001481","South Cambridgeshire","E12000006","East of England",0.080647005,0.012047963,0.029242999,0.864431821,0.029242999
"E14001482","South Cotswolds","E12000009","South West",0.019158229,0.007595714,0.015879062,0.952531392,0.015879062
"E14001483","South Derbyshire","E12000004","East Midlands",0.037262604,0.00817709,0.017727911,0.929658972,0.017727911
"E14001484","South Devon","E12000009","South West",0.007519812,0.001952,0.013264969,0.97295129,0.013264969
"E14001485","South Dorset","E12000009","South West",0.010664986,0.003615811,0.013193979,0.968361032,0.013193979
"E14001486","South East Cornwall","E12000009","South West",0.005145896,0.0011,0.009323087,0.977814243,0.009323087
"E14001487","South Holland & The Deepings","E12000004","East Midlands",0.012540751,0.005251951,0.013180611,0.963481581,0.013180611
"E14001488","South Leicestershire","E12000004","East Midlands",0.025810033,0.007279843,0.020549295,0.941327156,0.020549295
"E14001489","South Norfolk","E12000006","East of England",0.021739836,0.009238349,0.016899155,0.946936403,0.016899155
"E14001490","South Northamptonshire","E12000004","East Midlands",0.018629359,0.010289484,0.018156754,0.94917273,0.018156754
"E14001491","South Ribble","E12000002","North West",0.01852973,0.004898906,0.016714005,0.957227246,0.016714005
"E14001492","South Shields","E12000001","North East",0.039832379,0.005959514,0.015894651,0.927972425,0.015894651
"E14001493","South Shropshire","E12000005","West Midlands",0.009342104,0.001981,0.009226297,0.97716564,0.009226297
"E14001494","South Suffolk","E12000006","East of England",0.009475961,0.005446846,0.014630396,0.966721801,0.014630396
"E14001495","South West Devon","E12000009","South West",0.005950106,0.002546417,0.010373059,0.977727241,0.010373059
"E14001496","South West Hertfordshire","E12000006","East of England",0.146054373,0.022996395,0.035857418,0.77879911,0.035857418
"E14001497","South West Norfolk","E12000006","East of England",0.008923065,0.005572241,0.016137287,0.961669852,0.016137287
"E14001498","South West Wiltshire","E12000009","South West",0.01646403,0.00779888,0.017176103,0.950555925,0.017176103
"E14001499","Southampton Itchen","E12000008","South East",0.06342731,0.026157746,0.033544425,0.859525908,0.033544425
"E14001500","Southampton Test","E12000008","South East",0.133297146,0.034269689,0.032659339,0.772488352,0.032659339
"E14001501","Southend East & Rochford","E12000006","East of England",0.049245239,0.033142311,0.030394023,0.875787588,0.030394023
"E14001502","Southend West & Leigh","E12000006","East of England",0.051521429,0.0206358,0.028357208,0.889858732,0.028357208
"E14001503","Southgate & Wood Green","E12000007","London",0.127726317,0.118144314,0.062676112,0.583513621,0.062676112
"E14001504","Southport","E12000002","North West",0.017561517,0.005576611,0.016267509,0.953713192,0.016267509
"E14001505","Spelthorne","E12000008","South East",0.127680653,0.024747474,0.036548174,0.786713286,0.036548174
"E14001506","Spen Valley","E12000003","Yorkshire and The Humber",0.083463068,0.007358197,0.021033931,0.883435153,0.021033931
"E14001507","St Albans","E12000006","East of England",0.101162546,0.024707857,0.046481717,0.806044835,0.046481717
"E14001508","St Austell & Newquay","E12000009","South West",0.00543294,0.001354,0.011568458,0.97189041,0.011568458
"E14001509","St Helens North","E12000002","North West",0.011630886,0.003743639,0.010652106,0.968922502,0.010652106
"E14001510","St Helens South & Whiston","E12000002","North West",0.020950207,0.005314603,0.011060384,0.956559121,0.011060384
"E14001511","St Ives","E12000009","South West",0.005885591,0.001977,0.012552538,0.964952028,0.012552538
"E14001512","St Neots & Mid Cambridgeshire","E12000006","East of England",0.050973008,0.014247467,0.028258423,0.895934836,0.028258423
"E14001513","Stafford","E12000005","West Midlands",0.036383635,0.013167915,0.02007446,0.922313972,0.02007446
"E14001514","Staffordshire Moorlands","E12000005","West Midlands",0.006734288,0.002018,0.009585356,0.980054039,0.009585356
"E14001515","Stalybridge & Hyde","E12000002","North West",0.067126848,0.013815701,0.018037451,0.89551423,0.018037451
"E14001516","Stevenage","E12000006","East of England",0.069510158,0.044362865,0.034429985,0.839543242,0.034429985
"E14001517","Stockport","E12000002","North West",0.076226083,0.019504797,0.03309616,0.853155832,0.03309616
"E14001518","Stockton North","E12000001","North East",0.045729678,0.014748411,0.01207554,0.917973325,0.01207554
"E14001519","Stockton West","E12000001","North East",0.039827812,0.005943746,0.015162463,0.932781648,0.015162463
"E14001520","Stoke-on-Trent Central","E12000005","West Midlands",0.107759194,0.036365407,0.025483233,0.809530976,0.025483233
"E14001521","Stoke-on-Trent North","E12000005","West Midlands",0.078719671,0.018391516,0.019986443,0.870282502,0.019986443
"E14001522","Stoke-on-Trent South","E12000005","West Midlands",0.064667033,0.011716269,0.016288471,0.8986279,0.016288471
"E14001523","Stone, Great Wyrley & Penkridge","E12000005","West Midlands",0.021242137,0.008488178,0.018215112,0.948758625,0.018215112
"E14001524","Stourbridge","E12000005","West Midlands",0.081849499,0.016794057,0.02464205,0.867133405,0.02464205
"E14001525","Stratford & Bow","E12000007","London",0.375894576,0.135083076,0.054950906,0.391843938,0.054950906
"E14001526","Stratford-on-Avon","E12000005","West Midlands",0.020276746,0.003228731,0.017279459,0.953136432,0.017279459
"E14001527","Streatham & Croydon North","E12000007","London",0.134846812,0.234265764,0.082712789,0.493763258,0.082712789
"E14001528","Stretford & Urmston","E12000002","North West",0.138881792,0.05667682,0.04409944,0.734843536,0.04409944
"E14001529","Stroud","E12000009","South West",0.009467168,0.003603001,0.01711084,0.966267655,0.01711084
"E14001530","Suffolk Coastal","E12000006","East of England",0.013609903,0.006981757,0.01670903,0.958399425,0.01670903
"E14001531","Sunderland Central","E12000001","North East",0.065195299,0.019647854,0.010778627,0.895211205,0.010778627
"E14001532","Surrey Heath","E12000008","South East",0.08444073,0.016723055,0.026781347,0.85465922,0.026781347
"E14001533","Sussex Weald","E12000008","South East",0.013106325,0.00441259,0.016099745,0.962253899,0.016099745
"E14001534","Sutton & Cheam","E12000007","London",0.192030509,0.044903655,0.046595428,0.679299629,0.046595428
"E14001535","Sutton Coldfield","E12000005","West Midlands",0.106738377,0.027729223,0.033707401,0.814438098,0.033707401
"E14001536","Swindon North","E12000009","South West",0.070756534,0.024465896,0.026204731,0.867932896,0.026204731
"E14001537","Swindon South","E12000009","South West",0.170149887,0.030225274,0.030419933,0.749234835,0.030419933
"E14001538","Tamworth","E12000005","West Midlands",0.021649466,0.007262981,0.019288248,0.946967171,0.019288248
"E14001539","Tatton","E12000002","North West",0.034393744,0.005517872,0.022499923,0.927656679,0.022499923
"E14001540","Taunton & Wellington","E12000009","South West",0.027495887,0.006894831,0.014428824,0.944666339,0.014428824
"E14001541","Telford","E12000005","West Midlands",0.04187776,0.032899508,0.027031411,0.890003953,0.027031411
"E14001542","Tewkesbury","E12000009","South West",0.030897102,0.007193798,0.018362298,0.937874997,0.018362298
"E14001543","The Wrekin","E12000005","West Midlands",0.057005723,0.019521876,0.023001661,0.889606925,0.023001661
"E14001544","Thirsk & Malton","E12000003","Yorkshire and The Humber",0.006126573,0.002304204,0.007573565,0.980823643,0.007573565
"E14001545","Thornbury & Yate","E12000009","South West",0.013120993,0.005500944,0.016299587,0.960443144,0.016299587
"E14001546","Thurrock","E12000006","East of England",0.088215087,0.147590785,0.033334162,0.711788224,0.033334162
"E14001547","Tipton & Wednesbury","E12000005","West Midlands",0.171254628,0.064906925,0.035607138,0.705537745,0.035607138
"E14001548","Tiverton & Minehead","E12000009","South West",0.005752402,0.001337,0.009555326,0.981305767,0.009555326
"E14001549","Tonbridge","E12000008","South East",0.03061256,0.00747806,0.02295942,0.932747237,0.02295942
"E14001550","Tooting","E12000007","London",0.140122104,0.100340216,0.061108263,0.665516613,0.061108263
"E14001551","Torbay","E12000009","South West",0.018954849,0.003611362,0.015525927,0.956966339,0.015525927
"E14001552","Torridge & Tavistock","E12000009","South West",0.005396552,0.001278,0.009366651,0.981978472,0.009366651
"E14001553","Tottenham","E12000007","London",0.095208043,0.246965583,0.069076099,0.470279592,0.069076099
"E14001554","Truro & Falmouth","E12000009","South West",0.014374843,0.00382553,0.017272995,0.952112089,0.017272995
"E14001555","Tunbridge Wells","E12000008","South East",0.041830288,0.009988048,0.026027736,0.91218485,0.026027736
"E14001556","Twickenham","E12000007","London",0.090169663,0.019938322,0.051131546,0.811629378,0.051131546
"E14001557","Tynemouth","E12000001","North East",0.023715788,0.004817927,0.015086139,0.951371178,0.015086139
"E14001558","Uxbridge & South Ruislip","E12000007","London",0.255237337,0.067174836,0.049707182,0.574860774,0.049707182
"E14001559","Vauxhall & Camberwell Green","E12000007","London",0.086345557,0.278498776,0.075651559,0.489658808,0.075651559
"E14001560","Wakefield & Rothwell","E12000003","Yorkshire and The Humber",0.078535442,0.023427773,0.019824952,0.863574677,0.019824952
"E14001561","Wallasey","E12000002","North West",0.018417036,0.003806254,0.015897377,0.956476887,0.015897377
"E14001562","Walsall & Bloxwich","E12000005","West Midlands",0.287866002,0.064919235,0.033908707,0.587154243,0.033908707
"E14001563","Walthamstow","E12000007","London",0.216587566,0.153712311,0.065276882,0.504848182,0.065276882
"E14001564","Warrington North","E12000002","North West",0.024151278,0.007657126,0.015262515,0.945397198,0.015262515
"E14001565","Warrington South","E12000002","North West",0.043001868,0.007888571,0.015569981,0.9234389,0.015569981
"E14001566","Warwick & Leamington","E12000005","West Midlands",0.115252597,0.011292953,0.033328909,0.820432003,0.033328909
"E14001567","Washington & Gateshead South","E12000001","North East",0.014001396,0.003891496,0.00856581,0.969586111,0.00856581
"E14001568","Watford","E12000006","East of England",0.239793928,0.062048198,0.047028199,0.616110265,0.047028199
"E14001569","Waveney Valley","E12000006","East of England",0.00805073,0.00319729,0.009445087,0.976382072,0.009445087
"E14001570","Weald of Kent","E12000008","South East",0.013743975,0.007593426,0.016717112,0.957819802,0.016717112
"E14001571","Wellingborough & Rushden","E12000004","East Midlands",0.051387618,0.043749277,0.031220267,0.866040179,0.031220267
"E14001572","Wells & Mendip Hills","E12000009","South West",0.009401313,0.002426074,0.012663228,0.972269808,0.012663228
"E14001573","Welwyn Hatfield","E12000006","East of England",0.090489503,0.062278017,0.041547983,0.783996202,0.041547983
"E14001574","West Bromwich","E12000005","West Midlands",0.284494265,0.086384461,0.042024385,0.543836891,0.042024385
"E14001575","West Dorset","E12000009","South West",0.013847929,0.002842565,0.0119994,0.967827092,0.0119994
"E14001576","West Ham & Beckton","E12000007","London",0.282570359,0.22617434,0.056884263,0.383993987,0.056884263
"E14001577","West Lancashire","E12000002","North West",0.011290007,0.003583991,0.013789464,0.967343734,0.013789464
"E14001578","West Suffolk","E12000006","East of England",0.027034347,0.019560543,0.030233779,0.90811369,0.030233779
"E14001579","West Worcestershire","E12000005","West Midlands",0.012003495,0.00309524,0.013316908,0.968408088,0.013316908
"E14001580","Westmorland & Lonsdale","E12000002","North West",0.007401948,0.002386654,0.009469446,0.977563881,0.009469446
"E14001581","Weston-super-Mare","E12000009","South West",0.019327047,0.007057997,0.016520141,0.949820459,0.016520141
"E14001582","Wetherby & Easingwold","E12000003","Yorkshire and The Humber",0.017196891,0.005615197,0.013744128,0.95905208,0.013744128
"E14001583","Whitehaven & Workington","E12000002","North West",0.007158332,0.001988689,0.00619089,0.981889196,0.00619089
"E14001584","Widnes & Halewood","E12000002","North West",0.013216426,0.004459897,0.016182631,0.961118884,0.016182631
"E14001585","Wigan","E12000002","North West",0.019164788,0.012194291,0.012661849,0.946844968,0.012661849
"E14001586","Wimbledon","E12000007","London",0.175348968,0.035082475,0.057728018,0.68817973,0.057728018
"E14001587","Winchester","E12000008","South East",0.033065424,0.006233541,0.021524981,0.932113244,0.021524981
"E14001588","Windsor","E12000008","South East",0.167933905,0.028979625,0.038729695,0.734547357,0.038729695
"E14001589","Wirral West","E12000002","North West",0.016796208,0.003004352,0.013814292,0.962426236,0.013814292
"E14001590","Witham","E12000006","East of England",0.018097647,0.01300921,0.018908281,0.944368791,0.018908281
"E14001591","Witney","E12000008","South East",0.017211951,0.009171481,0.018826214,0.948128133,0.018826214
"E14001592","Woking","E12000008","South East",0.141818112,0.018077215,0.034769056,0.784362103,0.034769056
"E14001593","Wokingham","E12000008","South East",0.07595826,0.018437262,0.029432425,0.864209363,0.029432425
"E14001594","Wolverhampton North East","E12000005","West Midlands",0.11520248,0.086731912,0.050033962,0.724440264,0.050033962
"E14001595","Wolverhampton South East","E12000005","West Midlands",0.207038231,0.079668632,0.053488217,0.631812336,0.053488217
"E14001596","Wolverhampton West","E12000005","West Midlands",0.269442102,0.084239493,0.048999157,0.552687867,0.048999157
"E14001597","Worcester","E12000005","West Midlands",0.056417217,0.011668544,0.021979608,0.899960914,0.021979608
"E14001598","Worsley & Eccles","E12000002","North West",0.042988972,0.025283217,0.024476704,0.888982815,0.024476704
"E14001599","Worthing West","E12000008","South East",0.031334289,0.010407998,0.023212441,0.926402053,0.023212441
"E14001600","Wycombe","E12000008","South East",0.228050202,0.051990818,0.048396808,0.648689863,0.048396808
"E14001601","Wyre Forest","E12000005","West Midlands",0.019082956,0.00388706,0.014467223,0.958802621,0.014467223
"E14001602","Wythenshawe & Sale East","E12000002","North West",0.082890456,0.048216094,0.043036,0.800843769,0.043036
"E14001603","Yeovil","E12000009","South West",0.018069646,0.005730985,0.012882371,0.958616068,0.012882371
"E14001604","York Central","E12000003","Yorkshire and The Humber",0.052604124,0.008932216,0.022989137,0.90262563,0.022989137
"E14001605","York Outer","E12000003","Yorkshire and The Humber",0.020149222,0.003720581,0.013147767,0.957104015,0.013147767
"W07000081","Aberafan Maesteg","W92000004","Wales",0.015436633,0.002214635,0.010715984,0.968954393,0.010715984
"W07000082","Alyn & Deeside","W92000004","Wales",0.01114903,0.002263175,0.009943961,0.972647426,0.009943961
"W07000083","Bangor Aberconwy","W92000004","Wales",0.022804127,0.005581747,0.012615971,0.952343337,0.012615971
"W07000084","Blaenau Gwent & Rhymney","W92000004","Wales",0.00883526,0.001758553,0.007849886,0.979470035,0.007849886
"W07000085","Brecon, Radnor & Cwm Tawe","W92000004","Wales",0.011373304,0.00213,0.009320616,0.974200007,0.009320616
"W07000086","Bridgend","W92000004","Wales",0.018462411,0.003735416,0.013581182,0.960792647,0.013581182
"W07000087","Caerfyrddin","W92000004","Wales",0.011508557,0.003047344,0.009515691,0.971516876,0.009515691
"W07000088","Caerphilly","W92000004","Wales",0.010366423,0.001379,0.010874528,0.975138184,0.010874528
"W07000089","Cardiff East","W92000004","Wales",0.10364781,0.041051754,0.042653458,0.773252476,0.042653458
"W07000090","Cardiff North","W92000004","Wales",0.058333599,0.013462418,0.030567359,0.877602352,0.030567359
"W07000091","Cardiff South & Penarth","W92000004","Wales",0.111401276,0.052304772,0.039829784,0.755835909,0.039829784
"W07000092","Cardiff West","W92000004","Wales",0.076249939,0.028466903,0.038349349,0.83939388,0.038349349
"W07000093","Ceredigion Preseli","W92000004","Wales",0.012928681,0.004253216,0.011212961,0.967149039,0.011212961
"W07000094","Clwyd East","W92000004","Wales",0.008822756,0.00153,0.008791461,0.978233963,0.008791461
"W07000095","Clwyd North","W92000004","Wales",0.021234671,0.003070456,0.012172679,0.95924097,0.012172679
"W07000096","Dwyfor Meirionnydd","W92000004","Wales",0.005556941,0.001534,0.00909216,0.981879821,0.00909216
"W07000097","Gower","W92000004","Wales",0.020994785,0.004145436,0.011801126,0.957179454,0.011801126
"W07000098","Llanelli","W92000004","Wales",0.013216579,0.001796264,0.009165337,0.972631804,0.009165337
"W07000099","Merthyr Tydfil & Aberdare","W92000004","Wales",0.013065582,0.001735597,0.008559789,0.973648188,0.008559789
"W07000100","Mid & South Pembrokeshire","W92000004","Wales",0.010325119,0.002108675,0.009652318,0.974259988,0.009652318
"W07000101","Monmouthshire","W92000004","Wales",0.012747038,0.002473966,0.011994406,0.969297971,0.011994406
"W07000102","Montgomeryshire & Glyndwr","W92000004","Wales",0.006085292,0.0023528,0.008211642,0.980233283,0.008211642
"W07000103","Neath & Swansea East","W92000004","Wales",0.020165585,0.006259242,0.011615055,0.956061827,0.011615055
"W07000104","Newport East","W92000004","Wales",0.086150044,0.026397304,0.028150463,0.838836556,0.028150463
"W07000105","Newport West & Islwyn","W92000004","Wales",0.030328385,0.00911525,0.018575028,0.936163507,0.018575028
"W07000106","Pontypridd","W92000004","Wales",0.01886867,0.006861322,0.011573572,0.957570364,0.011573572
"W07000107","Rhondda & Ogmore","W92000004","Wales",0.01007278,0.002149049,0.009363726,0.976585755,0.009363726
"W07000108","Swansea West","W92000004","Wales",0.070620306,0.019972261,0.020307044,0.865827759,0.020307044
"W07000109","Torfaen","W92000004","Wales",0.013025967,0.002470772,0.010891239,0.970956746,0.010891239
"W07000110","Vale of Glamorgan","W92000004","Wales",0.018000169,0.00384564,0.021231512,0.951889775,0.021231512
"W07000111","Wrexham","W92000004","Wales",0.020114854,0.007256732,0.012525106,0.953804837,0.012525106
"W07000112","Ynys Môn","W92000004","Wales",0.006242702,0.00151,0.008681892,0.981242384,0.008681892
"N05000001","Belfast East","N92000002","Northern Ireland",0.028177828,0.008975449,0.012729886,0.94691977,0.012729886
"N05000002","Belfast North","N92000002","Northern Ireland",0.024022163,0.012499413,0.010048364,0.949204419,0.010048364
"N05000003","Belfast South & Mid Down","N92000002","Northern Ireland",0.070449279,0.014881176,0.014856082,0.891649524,0.014856082
"N05000004","Belfast West","N92000002","Northern Ireland",0.015497779,0.009004206,0.007647275,0.963469447,0.007647275
"N05000005","East Antrim","N92000002","Northern Ireland",0.011232454,0.002413321,0.0063329,0.978546801,0.0063329
"N05000006","East Londonderry","N92000002","Northern Ireland",0.007194091,0.001714109,0.005334753,0.984296147,0.005334753
"N05000007","Fermanagh & South Tyrone","N92000002","Northern Ireland",0.015332502,0.013015359,0.009437253,0.958914578,0.009437253
"N05000008","Foyle","N92000002","Northern Ireland",0.014552639,0.0025693,0.007327475,0.973135692,0.007327475
"N05000009","Lagan Valley","N92000002","Northern Ireland",0.01490925,0.003481801,0.007758167,0.971136391,0.007758167
"N05000010","Mid Ulster","N92000002","Northern Ireland",0.005302299,0.005131519,0.004741904,0.982990384,0.004741904
"N05000011","Newry & Armagh","N92000002","Northern Ireland",0.007078563,0.002049035,0.00501132,0.98281876,0.00501132
"N05000012","North Antrim","N92000002","Northern Ireland",0.005673079,0.001771856,0.004276138,0.986844132,0.004276138
"N05000013","North Down","N92000002","Northern Ireland",0.012962551,0.003636364,0.009162411,0.972175898,0.009162411
"N05000014","South Antrim","N92000002","Northern Ireland",0.015463561,0.003297273,0.006256987,0.972755141,0.006256987
"N05000015","South Down","N92000002","Northern Ireland",0.004561604,0.00143522,0.004903032,0.987334164,0.004903032
"N05000016","Strangford","N92000002","Northern Ireland",0.007355189,0.001416,0.005195811,0.984656613,0.005195811
"N05000017","Upper Bann","N92000002","Northern Ireland",0.01663389,0.01226647,0.009652573,0.95820223,0.009652573
"N05000018","West Tyrone","N92000002","Northern Ireland",0.004872553,0.001213,0.003739236,0.988792698,0.003739236
"S14000021","East Renfrewshire","S92000003","Scotland",0.094585382,0.005236378,0.012374499,0.874725979,0.012374499
"S14000027","Na h-Eileanan an Iar","S92000003","Scotland",0.005776439,0.0013395,0.006235893,0.983396144,0.006235893
"S14000045","Midlothian","S92000003","Scotland",0.022985768,0.005957487,0.010638298,0.954629147,0.010638298
"S14000048","North Ayrshire & Arran","S92000003","Scotland",0.006906187,0.002294609,0.005857411,0.981215069,0.005857411
"S14000051","Orkney & Shetland","S92000003","Scotland",0.007944651,0.001981776,0.007610655,0.97977164,0.007610655
"S14000060","Aberdeen North","S92000003","Scotland",0.060957962,0.033292734,0.015757597,0.876092045,0.015757597
"S14000061","Aberdeen South","S92000003","Scotland",0.055959529,0.050775779,0.019860637,0.855167099,0.019860637
"S14000062","Aberdeenshire North & Moray East","S92000003","Scotland",0.007910889,0.002603241,0.005349621,0.981471043,0.005349621
"S14000063","Airdrie & Shotts","S92000003","Scotland",0.021570932,0.004073434,0.005341731,0.966208544,0.005341731
"S14000064","Alloa & Grangemouth","S92000003","Scotland",0.017033049,0.004025343,0.005847334,0.968994082,0.005847334
"S14000065","Angus & Perthshire Glens","S92000003","Scotland",0.00847912,0.002135395,0.007113675,0.979490443,0.007113675
"S14000066","Arbroath & Broughty Ferry","S92000003","Scotland",0.016237872,0.00304329,0.007440954,0.967685982,0.007440954
"S14000067","Argyll, Bute & South Lochaber","S92000003","Scotland",0.009095194,0.002655691,0.00767948,0.977191943,0.00767948
"S14000068","Bathgate & Linlithgow","S92000003","Scotland",0.015836491,0.006478446,0.009188588,0.96502409,0.009188588
"S14000069","Caithness, Sutherland & Easter Ross","S92000003","Scotland",0.007639006,0.0016775,0.006929899,0.980815123,0.006929899
"S14000070","Coatbridge & Bellshill","S92000003","Scotland",0.02203081,0.004191167,0.0067083,0.963709992,0.0067083
"S14000071","Cowdenbeath & Kirkcaldy","S92000003","Scotland",0.021563472,0.00433809,0.008317891,0.960263327,0.008317891
"S14000072","Cumbernauld & Kirkintilloch","S92000003","Scotland",0.021902735,0.005584147,0.006923504,0.961876894,0.006923504
"S14000073","Dumfries & Galloway","S92000003","Scotland",0.008858241,0.002873347,0.006612554,0.977968725,0.006612554
"S14000074","Dumfriesshire, Clydesdale & Tweeddale","S92000003","Scotland",0.005224505,0.002177654,0.006707046,0.983917198,0.006707046
"S14000075","Dundee Central","S92000003","Scotland",0.073426903,0.01990995,0.015083968,0.875464684,0.015083968
"S14000076","Dunfermline & Dollar","S92000003","Scotland",0.023230797,0.006728334,0.008727136,0.956960676,0.008727136
"S14000077","East Kilbride & Strathaven","S92000003","Scotland",0.021297861,0.005401757,0.007676262,0.9619314,0.007676262
"S14000078","Edinburgh East & Musselburgh","S92000003","Scotland",0.091080928,0.020528157,0.02650666,0.840599425,0.02650666
"S14000079","Edinburgh North & Leith","S92000003","Scotland",0.07386916,0.025737107,0.030225396,0.849236172,0.030225396
"S14000080","Edinburgh South","S92000003","Scotland",0.093826345,0.01554909,0.027163683,0.843346079,0.027163683
"S14000081","Edinburgh South West","S92000003","Scotland",0.092899188,0.02897292,0.022031206,0.836475939,0.022031206
"S14000082","Edinburgh West","S92000003","Scotland",0.066854771,0.011763313,0.01671623,0.891948017,0.01671623
"S14000083","Falkirk","S92000003","Scotland",0.022925386,0.004984392,0.007765806,0.961481347,0.007765806
"S14000084","Glasgow East","S92000003","Scotland",0.11463307,0.044227178,0.014193717,0.801849658,0.014193717
"S14000085","Glasgow North","S92000003","Scotland",0.13803217,0.043911603,0.024380184,0.758159786,0.024380184
"S14000086","Glasgow North East","S92000003","Scotland",0.068068106,0.059834529,0.012079008,0.833432868,0.012079008
"S14000087","Glasgow South","S92000003","Scotland",0.09667895,0.023160626,0.017124673,0.846960699,0.017124673
"S14000088","Glasgow South West","S92000003","Scotland",0.174950896,0.027393562,0.014881478,0.758009257,0.014881478
"S14000089","Glasgow West","S92000003","Scotland",0.080902393,0.029423379,0.021025537,0.837065012,0.021025537
"S14000090","Glenrothes & Mid Fife","S92000003","Scotland",0.01636053,0.002893088,0.005709044,0.971573495,0.005709044
"S14000091","Gordon & Buchan","S92000003","Scotland",0.00912403,0.004475104,0.007697131,0.974789963,0.007697131
"S14000092","Hamilton & Clyde Valley","S92000003","Scotland",0.021764331,0.005967821,0.006973902,0.961011653,0.006973902
"S14000093","Inverclyde & Renfrewshire West","S92000003","Scotland",0.012138616,0.003354997,0.007418678,0.972191023,0.007418678
"S14000094","Inverness, Skye & West Ross-shire","S92000003","Scotland",0.016343324,0.003734289,0.009714563,0.966437136,0.009714563
"S14000095","Livingston","S92000003","Scotland",0.036020024,0.010111745,0.011011707,0.936865959,0.011011707
"S14000096","Lothian East","S92000003","Scotland",0.010750449,0.003238336,0.010094282,0.972053308,0.010094282
"S14000097","Mid Dunbartonshire","S92000003","Scotland",0.047632379,0.003942446,0.011501845,0.92954172,0.011501845
"S14000098","Moray West, Nairn & Strathspey","S92000003","Scotland",0.009466883,0.002777301,0.008058059,0.975460454,0.008058059
"S14000099","Motherwell, Wishaw & Carluke","S92000003","Scotland",0.026669842,0.009806305,0.005775011,0.95362581,0.005775011
"S14000100","North East Fife","S92000003","Scotland",0.024899616,0.00385697,0.013262255,0.950851523,0.013262255
"S14000101","Paisley & Renfrewshire North","S92000003","Scotland",0.043138397,0.013778885,0.008777954,0.924925874,0.008777954
"S14000102","Paisley & Renfrewshire South","S92000003","Scotland",0.020648127,0.014952264,0.008204125,0.950531299,0.008204125
"S14000103","Perth & Kinross-shire","S92000003","Scotland",0.018328599,0.003805161,0.009695182,0.963008849,0.009695182
"S14000104","Rutherglen","S92000003","Scotland",0.038560658,0.008781215,0.008450434,0.939299741,0.008450434
"S14000105","Stirling & Strathallan","S92000003","Scotland",0.024557778,0.005970606,0.010352637,0.9537661,0.010352637
"S14000106","West Dunbartonshire","S92000003","Scotland",0.014421795,0.007326051,0.007336621,0.966072229,0.007336621
"S14000107","Ayr, Carrick & Cumnock","S92000003","Scotland",0.010739474,0.002059264,0.005126161,0.978454469,0.005126161
"S14000108","Berwickshire, Roxburgh & Selkirk","S92000003","Scotland",0.007298686,0.002174507,0.006884343,0.98067222,0.006884343
"S14000109","Central Ayrshire","S92000003","Scotland",0.011702212,0.0018144,0.005429327,0.977609234,0.005429327
"S14000110","Kilmarnock & Loudoun","S92000003","Scotland",0.011123054,0.002976262,0.006506731,0.976490034,0.006506731
"S14000111","West Aberdeenshire & Kincardine","S92000003","Scotland",0.015551793,0.00987924,0.009991793,0.958934982,0.009991793
