"ONSConstID","ConstituencyName","RegionID","RegionName","Qual1_num","Qual1_pct","Qual2_num","Qual2_pct","Qual3_num","Qual3_pct","Qual4_num","Qual4_pct","Qual5_num","Qual5_pct"
"E14001063","Aldershot","E12000008","South East",16899,0.176655063,25113,0.262520776,5468,0.05716018,16630,0.17384305,28644,0.299432371
"E14001064","Aldridge-Brownhills","E12000005","West Midlands",16880,0.219354671,19157,0.24894416,4628,0.060140605,13261,0.172325965,20894,0.27151638
"E14001065","Altrincham and Sale West","E12000002","North West",9131,0.114933414,15421,0.194106688,3460,0.043551595,11217,0.141190242,38655,0.486556907
"E14001066","Amber Valley","E12000004","East Midlands",16267,0.216873092,19653,0.262015545,5274,0.070313437,13791,0.183862839,18245,0.243243964
"E14001067","Arundel and South Downs","E12000008","South East",11551,0.141281082,19654,0.240389437,4057,0.049621448,13851,0.169412542,30616,0.37446642
"E14001068","Ashfield","E12000004","East Midlands",18905,0.244092963,21686,0.28,5169,0.066739832,13585,0.175403486,16126,0.20821175
"E14001069","Ashford","E12000008","South East",14736,0.173628212,23189,0.273226426,4650,0.054789033,14875,0.175265992,24933,0.293775259
"E14001070","Ashton-under-Lyne","E12000002","North West",18571,0.233741551,21170,0.266453538,5407,0.068054524,13337,0.16786447,18673,0.235025362
"E14001071","Aylesbury","E12000008","South East",13635,0.156639517,21634,0.248532402,4668,0.053626202,14702,0.168897262,30140,0.346249727
"E14001072","Banbury","E12000008","South East",14032,0.169655056,19984,0.241618204,4501,0.054419712,13088,0.158241546,28801,0.348220871
"E14001073","Barking","E12000007","London",21948,0.222996657,22255,0.226115847,3620,0.036780021,13293,0.135059895,33598,0.341363299
"E14001074","Barnsley North","E12000003","Yorkshire and the Humber",21854,0.256276752,21751,0.255068895,5465,0.064086778,14569,0.170847259,19357,0.226995016
"E14001075","Barnsley South","E12000003","Yorkshire and the Humber",23322,0.273725969,22429,0.263244995,5890,0.069129833,14072,0.165160442,17204,0.201920143
"E14001076","Barrow and Furness","E12000002","North West",14312,0.175948465,18341,0.225480072,8246,0.101374444,16092,0.197831379,22520,0.276855745
"E14001077","Basildon and Billericay","E12000006","Eastern",17142,0.202650463,24939,0.294825568,4404,0.052063507,14250,0.16846162,21615,0.255529679
"E14001078","Basingstoke","E12000008","South East",13848,0.155837141,23289,0.262080529,4515,0.05080912,16068,0.180819698,28701,0.322983953
"E14001079","Bassetlaw","E12000004","East Midlands",18847,0.219508502,22341,0.260202656,5794,0.067481947,14861,0.17308409,21354,0.248707198
"E14001080","Bath","E12000009","South West",8592,0.098463231,13251,0.151854781,2993,0.034299401,21126,0.242101282,39493,0.452584774
"E14001081","Battersea","E12000007","London",8491,0.092372798,9926,0.10798403,1633,0.017765255,9824,0.106874381,59952,0.652212226
"E14001082","Beaconsfield","E12000008","South East",10810,0.137963601,16693,0.213045919,3793,0.048408505,11770,0.150215688,33381,0.426028027
"E14001083","Beckenham and Penge","E12000007","London",10548,0.121223265,16894,0.194154896,2936,0.033742085,12208,0.140300875,42315,0.486306644
"E14001084","Bedford","E12000006","Eastern",17480,0.197585568,21367,0.241522358,4925,0.055669847,13382,0.151263734,28326,0.320183569
"E14001085","Bermondsey and Old Southwark","E12000007","London",11569,0.125552119,11547,0.125313365,2165,0.023495578,12092,0.131227956,52463,0.569352651
"E14001086","Bethnal Green and Stepney","E12000007","London",18715,0.18146647,16661,0.161550246,2291,0.02221425,14731,0.142836365,47642,0.461951674
"E14001087","Beverley and Holderness","E12000003","Yorkshire and the Humber",12970,0.170830973,18006,0.237161335,5541,0.072981837,13293,0.175085284,24042,0.316662935
"E14001088","Bexhill and Battle","E12000008","South East",14047,0.18485327,19646,0.258534018,4625,0.060863271,12694,0.167048296,22612,0.297565469
"E14001089","Bexleyheath and Crayford","E12000007","London",14605,0.18640001,20509,0.261751305,4252,0.054267227,12813,0.163529157,23907,0.30511914
"E14001090","Bicester and Woodstock","E12000008","South East",11634,0.141139647,19017,0.230707639,4617,0.05601184,12970,0.157347535,32075,0.38912276
"E14001091","Birkenhead","E12000002","North West",17507,0.205679175,21418,0.251627152,5197,0.061056416,15183,0.178375902,23798,0.279588336
"E14001092","Birmingham Edgbaston","E12000005","West Midlands",16574,0.189994727,16268,0.18648692,2820,0.032326845,14957,0.171458376,34230,0.392392874
"E14001093","Birmingham Erdington","E12000005","West Midlands",25244,0.265723519,24062,0.253281544,4683,0.049294218,15227,0.160282523,22968,0.241765876
"E14001094","Birmingham Hall Green and Moseley","E12000005","West Midlands",22344,0.249854632,19780,0.221183522,2303,0.025752561,12910,0.144361945,29562,0.330567607
"E14001095","Birmingham Hodge Hill and Solihull North","E12000005","West Midlands",26717,0.29495148,24601,0.271591173,3726,0.041134454,14207,0.156843047,18522,0.204479968
"E14001096","Birmingham Ladywood","E12000005","West Midlands",28735,0.245795768,23231,0.198715207,2865,0.024506869,21431,0.183318221,36920,0.315809283
"E14001097","Birmingham Northfield","E12000005","West Midlands",19679,0.234053688,21184,0.25195352,4055,0.048228452,13915,0.165499114,23046,0.274099359
"E14001098","Birmingham Perry Barr","E12000005","West Midlands",26775,0.289043861,22333,0.241091187,3197,0.034512539,14014,0.151285179,23071,0.249058111
"E14001099","Birmingham Selly Oak","E12000005","West Midlands",15799,0.178372642,16606,0.187483771,2955,0.033362311,22435,0.253293893,28762,0.324726497
"E14001100","Birmingham Yardley","E12000005","West Midlands",23702,0.276601704,22063,0.257474618,3270,0.038160812,13641,0.159190104,20194,0.235663438
"E14001101","Bishop Auckland","E12000001","North East",17310,0.225549214,18737,0.244143017,5349,0.069697444,13755,0.179227582,19769,0.257589972
"E14001102","Blackburn","E12000002","North West",22686,0.266862722,21005,0.247088578,4227,0.049723562,12687,0.149241266,21602,0.254111281
"E14001103","Blackley and Middleton South","E12000002","North West",21389,0.255448997,19972,0.238525755,4589,0.054806464,12453,0.148726278,22680,0.270867421
"E14001104","Blackpool North and Fleetwood","E12000002","North West",17627,0.220873117,21001,0.26315064,5738,0.071899356,13950,0.174798887,19336,0.242287547
"E14001105","Blackpool South","E12000002","North West",22556,0.251926642,24090,0.269059798,5904,0.06594143,14778,0.165054616,19801,0.221156209
"E14001106","Blaydon and Consett","E12000001","North East",14022,0.18523607,18165,0.23996671,5304,0.070067901,14149,0.186913789,22072,0.291579698
"E14001107","Blyth and Ashington","E12000001","North East",18056,0.21718891,22089,0.265700367,6144,0.073903891,16046,0.193011367,18779,0.225885608
"E14001108","Bognor Regis and Littlehampton","E12000008","South East",18485,0.205092644,24646,0.273449462,6065,0.06729169,15486,0.171818484,22378,0.248285809
"E14001109","Bolsover","E12000004","East Midlands",19871,0.239982126,22023,0.265971836,5601,0.067643294,14703,0.177568175,18392,0.222120239
"E14001110","Bolton North East","E12000002","North West",20405,0.226319876,22621,0.250898403,5776,0.064063886,14994,0.166304348,23856,0.264596273
"E14001111","Bolton South and Walkden","E12000002","North West",24679,0.264189522,23826,0.255058129,5397,0.057775066,14594,0.156229259,21984,0.235339457
"E14001112","Bolton West","E12000002","North West",14031,0.17664388,18340,0.23089222,5227,0.065805542,13685,0.172287898,26257,0.330563634
"E14001113","Bootle","E12000002","North West",20046,0.243076102,21558,0.261410486,4636,0.056215744,14513,0.175983412,19765,0.23966872
"E14001114","Boston and Skegness","E12000004","East Midlands",28152,0.291160318,26199,0.270961537,6976,0.072148848,13930,0.144070163,17486,0.180847873
"E14001115","Bournemouth East","E12000009","South West",13332,0.151072533,20378,0.230914798,4891,0.055422724,16132,0.182800938,30871,0.349816995
"E14001116","Bournemouth West","E12000009","South West",14428,0.158028478,20245,0.221741512,5062,0.055443593,20833,0.228181818,28103,0.307809419
"E14001117","Bracknell","E12000008","South East",11041,0.13555722,21580,0.264951073,4276,0.05249911,14518,0.17824651,27852,0.341956316
"E14001118","Bradford East","E12000003","Yorkshire and the Humber",25368,0.288932676,22955,0.261449447,4268,0.048611032,13046,0.148589392,19228,0.219000216
"E14001119","Bradford South","E12000003","Yorkshire and the Humber",21242,0.254572038,22252,0.266676254,5147,0.061683565,13526,0.162100621,18883,0.226300904
"E14001120","Bradford West","E12000003","Yorkshire and the Humber",26300,0.290267753,21718,0.23969715,3580,0.039511732,12949,0.14291548,22918,0.252941306
"E14001121","Braintree","E12000006","Eastern",15257,0.179555378,24974,0.293912041,5053,0.059467348,15400,0.181238305,21963,0.258476421
"E14001122","Brent East","E12000007","London",24009,0.223212875,20093,0.186805627,4102,0.038136499,13685,0.12723013,41517,0.385985627
"E14001123","Brent West","E12000007","London",24608,0.224995657,20555,0.187938301,3538,0.032348612,13464,0.123103931,42293,0.386692999
"E14001124","Brentford and Isleworth","E12000007","London",17210,0.16804015,18709,0.182676534,3671,0.035844009,12764,0.124628964,45984,0.448992345
"E14001125","Brentwood and Ongar","E12000006","Eastern",13187,0.164594723,20582,0.256896079,4022,0.050200954,13630,0.170124067,26552,0.331411169
"E14001126","Bridgwater","E12000009","South West",16977,0.20800049,22506,0.27574124,5769,0.070681206,14727,0.180433717,19152,0.23464837
"E14001127","Bridlington and The Wolds","E12000003","Yorkshire and the Humber",17317,0.219962656,19829,0.251870388,5900,0.074942523,12897,0.163819274,20400,0.2591233
"E14001128","Brigg and Immingham","E12000003","Yorkshire and the Humber",15223,0.200413386,19701,0.259367019,5428,0.071460544,13529,0.178111588,19830,0.261065326
"E14001129","Brighton Kemptown and Peacehaven","E12000008","South East",14153,0.174566759,17103,0.210952821,3704,0.045686093,15954,0.196780759,28049,0.345963614
"E14001130","Brighton Pavilion","E12000008","South East",8132,0.091659152,13647,0.15382101,2392,0.026961226,20428,0.23025248,42349,0.477333183
"E14001131","Bristol Central","E12000009","South West",4047,0.048241745,7596,0.090547145,1126,0.013422339,22745,0.271128859,47221,0.562891882
"E14001132","Bristol East","E12000009","South West",15770,0.177244782,18843,0.21178335,4276,0.048059524,14552,0.163555236,33262,0.37384375
"E14001133","Bristol North East","E12000009","South West",14446,0.180360822,18517,0.231187965,4592,0.057331918,14795,0.184718147,25646,0.320194769
"E14001134","Bristol North West","E12000009","South West",12479,0.141756881,16579,0.188331383,3441,0.039088503,15651,0.177789642,37904,0.430575593
"E14001135","Bristol South","E12000009","South West",16399,0.195444903,18830,0.224417801,4401,0.052451553,12794,0.152480156,29506,0.351655424
"E14001136","Broadland and Fakenham","E12000006","Eastern",14056,0.179441352,21093,0.269276924,5462,0.069728846,14139,0.180500945,21463,0.274000409
"E14001137","Bromley and Biggin Hill","E12000007","London",10165,0.129897513,17451,0.223004575,3246,0.041480308,12246,0.156490403,33203,0.424297799
"E14001138","Bromsgrove","E12000005","West Midlands",12725,0.156903121,18783,0.231600103,4338,0.05348886,13476,0.166163179,29698,0.366185374
"E14001139","Broxbourne","E12000006","Eastern",17816,0.204800441,23128,0.265863527,4893,0.056246551,14495,0.166624517,24155,0.277669211
"E14001140","Broxtowe","E12000004","East Midlands",13722,0.173766589,17130,0.216923311,4626,0.058580691,14208,0.179920981,27340,0.346216189
"E14001141","Buckingham and Bletchley","E12000008","South East",13213,0.158495772,21146,0.253655611,4129,0.049529179,13597,0.163102021,29007,0.347951778
"E14001142","Burnley","E12000002","North West",21437,0.247337633,21353,0.246368451,5554,0.064081411,14342,0.165476342,21320,0.245987701
"E14001143","Burton and Uttoxeter","E12000005","West Midlands",18891,0.207739509,23232,0.255476379,5526,0.060768013,15501,0.170460544,24999,0.274907627
"E14001144","Bury North","E12000002","North West",15917,0.191402116,20476,0.246224146,4911,0.059054834,13947,0.167712843,25545,0.307178932
"E14001145","Bury South","E12000002","North West",15455,0.186539692,20091,0.242495564,4152,0.05011406,13183,0.159116969,27705,0.334395481
"E14001146","Bury St Edmunds and Stowmarket","E12000006","Eastern",14746,0.174537793,21231,0.251296073,5067,0.059974434,14559,0.172324409,26397,0.312442298
"E14001147","Calder Valley","E12000003","Yorkshire and the Humber",12952,0.158813071,18451,0.226239961,5099,0.062522224,14331,0.175721905,29042,0.356103243
"E14001148","Camborne and Redruth","E12000009","South West",13930,0.170740078,20486,0.251097002,5573,0.068308288,15753,0.193084598,23824,0.292010884
"E14001149","Cambridge","E12000006","Eastern",9964,0.093402576,12101,0.113434822,2677,0.025094209,20286,0.190161045,59427,0.557068936
"E14001150","Cannock Chase","E12000005","West Midlands",18134,0.219864691,22905,0.27771042,4989,0.060488858,15521,0.188183516,18748,0.227309101
"E14001151","Canterbury","E12000008","South East",12784,0.140350877,17444,0.191511319,3795,0.041663922,21613,0.237281251,33099,0.363381859
"E14001152","Carlisle","E12000002","North West",17222,0.202188358,21556,0.253070042,6042,0.070933809,14939,0.175385663,23260,0.273075207
"E14001153","Carshalton and Wallington","E12000007","London",13289,0.161035845,19374,0.234773757,3597,0.043588376,13097,0.158709193,30856,0.373912411
"E14001154","Castle Point","E12000006","Eastern",18238,0.239674092,23229,0.305263158,5130,0.06741573,12925,0.169853473,14081,0.18504501
"E14001155","Central Devon","E12000009","South West",11997,0.154272488,18905,0.243104224,4567,0.05872822,13134,0.168893461,27256,0.350491867
"E14001156","Central Suffolk and North Ipswich","E12000006","Eastern",13877,0.178627055,19734,0.254019334,5023,0.064656892,13720,0.176606125,23198,0.298608519
"E14001157","Chatham and Aylesford","E12000008","South East",16783,0.201259144,23816,0.285597794,5184,0.062165727,14710,0.176400048,20421,0.244885478
"E14001158","Cheadle","E12000002","North West",9765,0.126283527,16059,0.207679176,3808,0.049246049,11869,0.153493004,34080,0.440731449
"E14001159","Chelmsford","E12000006","Eastern",12525,0.144172662,21306,0.245248921,4272,0.049174101,14994,0.172592806,31420,0.361669065
"E14001160","Chelsea and Fulham","E12000007","London",10624,0.104311284,11479,0.112706065,2047,0.020098381,13218,0.129780361,61703,0.605828236
"E14001161","Cheltenham","E12000009","South West",10557,0.126980118,16661,0.200399331,3476,0.0418095,13244,0.159299486,37218,0.447659943
"E14001162","Chesham and Amersham","E12000008","South East",9324,0.117725786,16020,0.202270173,3298,0.041640888,11387,0.143773437,37476,0.473175844
"E14001163","Chester North and Neston","E12000002","North West",11637,0.145591713,16136,0.201879168,4069,0.050907681,14863,0.185952533,31390,0.392723542
"E14001164","Chester South and Eddisbury","E12000002","North West",10143,0.130382806,16407,0.210903154,3820,0.049104044,12367,0.158971129,33345,0.428632028
"E14001165","Chesterfield","E12000004","East Midlands",15407,0.198771787,20114,0.259498651,4884,0.063010411,13897,0.179290681,21267,0.27437396
"E14001166","Chichester","E12000008","South East",14501,0.164544753,20379,0.231243192,4950,0.056168301,15980,0.18132716,29867,0.338904775
"E14001167","Chingford and Woodford Green","E12000007","London",15853,0.178199681,18832,0.211685889,3739,0.042029181,12881,0.144792158,35035,0.393819833
"E14001168","Chippenham","E12000009","South West",11314,0.140293881,21189,0.262744126,4405,0.054622109,15087,0.187079174,26685,0.330894662
"E14001169","Chipping Barnet","E12000007","London",12824,0.142209211,16221,0.17987957,3036,0.033667121,11775,0.130576533,43856,0.486332435
"E14001170","Chorley","E12000002","North West",13188,0.160711674,19235,0.234401657,5451,0.066427005,14823,0.18063612,27564,0.335900561
"E14001171","Christchurch","E12000009","South West",13307,0.175860337,19464,0.257228947,5554,0.073399588,12581,0.166265793,22272,0.294338426
"E14001172","Cities of London and Westminster","E12000007","London",11123,0.104566008,10714,0.100721048,2118,0.019911068,12947,0.121713217,66167,0.622028146
"E14001173","City of Durham","E12000001","North East",13607,0.158042673,16004,0.185883365,4080,0.047388411,22302,0.259033416,28224,0.3278163
"E14001174","Clacton","E12000006","Eastern",24154,0.289567698,23274,0.279017911,5753,0.068969238,12287,0.147301412,15142,0.181528281
"E14001175","Clapham and Brixton Hill","E12000007","London",10656,0.117835698,11367,0.125698046,1968,0.021762449,10068,0.111333503,54524,0.602934834
"E14001176","Colchester","E12000006","Eastern",13801,0.151159352,22728,0.248934842,4307,0.047173634,17708,0.193951873,30397,0.332931731
"E14001177","Colne Valley","E12000003","Yorkshire and the Humber",11256,0.147932027,16037,0.210766339,5277,0.069352995,13617,0.178961479,28274,0.371591163
"E14001178","Congleton","E12000002","North West",10595,0.142400172,16551,0.222450708,4490,0.060347029,13253,0.178124538,27872,0.374608551
"E14001179","Corby and East Northamptonshire","E12000004","East Midlands",19121,0.205020158,25028,0.268356493,5648,0.060559273,15456,0.165723109,25072,0.268828272
"E14001180","Coventry East","E12000005","West Midlands",22098,0.242353122,23122,0.253583532,5028,0.055143067,13797,0.151314419,23868,0.261765061
"E14001181","Coventry North West","E12000005","West Midlands",16758,0.193837185,20632,0.238647142,5197,0.060112892,15448,0.178684618,25625,0.296400398
"E14001182","Coventry South","E12000005","West Midlands",14815,0.149289076,18706,0.188498241,4059,0.040902083,23280,0.234589921,35198,0.354686256
"E14001183","Cramlington and Killingworth","E12000001","North East",13911,0.174485112,20187,0.253204726,5785,0.072561021,14785,0.185447658,23084,0.28954168
"E14001184","Crawley","E12000008","South East",16682,0.178289354,27679,0.295820107,4895,0.052315453,15358,0.164139066,25773,0.275449678
"E14001185","Crewe and Nantwich","E12000002","North West",17280,0.192783988,21824,0.243479037,6608,0.073722025,15191,0.1694781,26215,0.292467144
"E14001186","Croydon East","E12000007","London",15410,0.176416714,20625,0.236119062,3661,0.041911849,13257,0.151768746,31927,0.365506583
"E14001187","Croydon South","E12000007","London",9783,0.120664562,16722,0.206250925,2886,0.035596231,12298,0.151684839,37377,0.46101189
"E14001188","Croydon West","E12000007","London",17238,0.179890425,20194,0.210738325,3558,0.037130185,13539,0.141288808,38029,0.396858857
"E14001189","Dagenham and Rainham","E12000007","London",20971,0.230207693,22527,0.247288575,4253,0.046687012,13069,0.143464038,27195,0.29853122
"E14001190","Darlington","E12000001","North East",15795,0.198889393,19140,0.241009368,5637,0.070980659,14589,0.183703536,22204,0.279591014
"E14001191","Dartford","E12000008","South East",13570,0.161072073,22102,0.262344507,4592,0.054505745,13985,0.165998006,27667,0.328399487
"E14001192","Daventry","E12000004","East Midlands",13214,0.152349109,22124,0.255075805,5073,0.058488499,14821,0.170876809,29323,0.338075748
"E14001193","Derby North","E12000004","East Midlands",14380,0.170276255,18894,0.223727369,5202,0.06159785,16232,0.192206131,27550,0.326224675
"E14001194","Derby South","E12000004","East Midlands",22961,0.249934689,22874,0.248987678,5345,0.058181304,13968,0.152044237,23361,0.254288762
"E14001195","Derbyshire Dales","E12000004","East Midlands",11471,0.151734811,16719,0.221153719,4029,0.053294356,12236,0.161853993,29507,0.390309396
"E14001196","Dewsbury and Batley","E12000003","Yorkshire and the Humber",22173,0.278293066,20350,0.255412614,4001,0.050216505,12682,0.159171635,17986,0.225742077
"E14001197","Didcot and Wantage","E12000008","South East",10899,0.127891013,18724,0.219711104,4224,0.049565248,13991,0.16417315,35490,0.41644665
"E14001198","Doncaster Central","E12000003","Yorkshire and the Humber",22128,0.242254385,23389,0.256059644,5982,0.065490136,14505,0.1587988,22332,0.244487749
"E14001199","Doncaster East and the Isle of Axholme","E12000003","Yorkshire and the Humber",16610,0.214779854,20378,0.263502942,5266,0.06809336,13784,0.178237538,19189,0.248128273
"E14001200","Doncaster North","E12000003","Yorkshire and the Humber",19931,0.254208969,21445,0.273519208,5314,0.067777154,13190,0.168231213,16488,0.210295393
"E14001201","Dorking and Horley","E12000008","South East",10054,0.130373329,18308,0.237405501,3720,0.048238391,12556,0.162817537,30489,0.395360297
"E14001202","Dover and Deal","E12000008","South East",16860,0.198900503,22940,0.270627375,5063,0.059729137,15321,0.180744638,21982,0.259325673
"E14001203","Droitwich and Evesham","E12000005","West Midlands",15501,0.182734474,20683,0.243822794,4924,0.058046871,14213,0.167550809,27067,0.319080964
"E14001204","Dudley","E12000005","West Midlands",20715,0.258253129,20845,0.259873834,4800,0.05984142,13221,0.164825712,18242,0.227422331
"E14001205","Dulwich and West Norwood","E12000007","London",10974,0.126400903,12806,0.147502275,2221,0.025581958,10164,0.117071148,48889,0.563114065
"E14001206","Dunstable and Leighton Buzzard","E12000006","Eastern",14390,0.167160365,22449,0.260777139,5103,0.05927862,15111,0.175535808,26557,0.308497415
"E14001207","Ealing Central and Acton","E12000007","London",14194,0.129364479,14394,0.131187284,3050,0.027797778,14257,0.129938663,60240,0.549028901
"E14001208","Ealing North","E12000007","London",19491,0.192714976,20023,0.197975064,4359,0.043099101,13750,0.135951512,39481,0.390363757
"E14001209","Ealing Southall","E12000007","London",21791,0.218954413,19261,0.193533153,3052,0.030666278,11943,0.120002412,38327,0.38510696
"E14001210","Earley and Woodley","E12000008","South East",11405,0.135767344,17905,0.213144612,3528,0.041998,14985,0.178384363,34049,0.405325937
"E14001211","Easington","E12000001","North East",19983,0.261742593,19857,0.260092212,4725,0.061889293,13589,0.177992298,16201,0.212204962
"E14001212","East Grinstead and Uckfield","E12000008","South East",9739,0.12428535,19677,0.251110261,3944,0.050331802,14533,0.185464523,28459,0.363182746
"E14001213","East Ham","E12000007","London",23851,0.240824322,21453,0.216611638,3092,0.031220024,13106,0.132331708,33355,0.336786518
"E14001214","East Hampshire","E12000008","South East",9513,0.126105227,17237,0.228495301,3519,0.046648197,13238,0.175484179,30226,0.400678712
"E14001215","East Surrey","E12000008","South East",10995,0.138209747,19620,0.246628034,3513,0.04415924,13781,0.173230425,29679,0.37307204
"E14001216","East Thanet","E12000008","South East",18560,0.217261522,22303,0.261076709,5120,0.059934213,14106,0.165123439,22701,0.265735657
"E14001217","East Wiltshire","E12000009","South West",11290,0.139083943,20640,0.254268608,4829,0.059489492,15669,0.193029788,26890,0.331263705
"E14001218","East Worthing and Shoreham","E12000008","South East",14643,0.179082026,21281,0.260263921,4887,0.059767388,14383,0.175902259,24349,0.29778517
"E14001219","Eastbourne","E12000008","South East",15567,0.18406366,21772,0.257431362,4808,0.056849623,14436,0.170690756,25210,0.298082153
"E14001220","Eastleigh","E12000008","South East",10356,0.136566839,18771,0.247537286,4844,0.063878889,13990,0.184489193,25961,0.342353391
"E14001221","Edmonton and Winchmore Hill","E12000007","London",24390,0.24740323,20943,0.212438124,3810,0.038647245,13223,0.13412927,32901,0.333735697
"E14001222","Ellesmere Port and Bromborough","E12000002","North West",14272,0.184440424,20457,0.264370638,4815,0.062225381,14900,0.192556216,21003,0.271426725
"E14001223","Eltham and Chislehurst","E12000007","London",15625,0.178109362,18525,0.21116646,3579,0.040797018,12533,0.142863657,35124,0.400378447
"E14001224","Ely and East Cambridgeshire","E12000006","Eastern",13825,0.160793208,19272,0.22414515,5148,0.059874389,13707,0.159420796,31838,0.370295418
"E14001225","Enfield North","E12000007","London",22328,0.229655229,21412,0.220233687,4035,0.041502098,13618,0.140068296,32869,0.338074961
"E14001226","Epping Forest","E12000006","Eastern",15274,0.183705379,20169,0.242579139,3846,0.046257096,13102,0.157582026,28538,0.343235832
"E14001227","Epsom and Ewell","E12000008","South East",10870,0.125651666,17950,0.207492862,3470,0.040111433,13428,0.155220844,38554,0.445664613
"E14001228","Erewash","E12000004","East Midlands",16134,0.205348165,21059,0.268031921,5826,0.074151383,14349,0.182629281,19216,0.244574832
"E14001229","Erith and Thamesmead","E12000007","London",20624,0.199098342,22738,0.219506309,4229,0.040825586,14276,0.137816521,38366,0.370374661
"E14001230","Esher and Walton","E12000008","South East",8716,0.108421445,14672,0.182510263,2680,0.03333748,11138,0.138549571,41467,0.515822864
"E14001231","Exeter","E12000009","South West",11700,0.133095203,16097,0.183113972,4026,0.045798401,23976,0.272742785,30077,0.342145677
"E14001232","Exmouth and Exeter East","E12000009","South West",11696,0.14195553,20347,0.246953588,4890,0.059350422,14429,0.175126226,28941,0.351259831
"E14001233","Fareham and Waterlooville","E12000008","South East",13605,0.164484422,20899,0.252668867,5666,0.068501928,15760,0.190538368,24432,0.29538283
"E14001234","Farnham and Bordon","E12000008","South East",9913,0.122051219,17430,0.214602314,3516,0.04328983,13612,0.167594189,34805,0.428527456
"E14001235","Faversham and Mid Kent","E12000008","South East",14913,0.186821171,21032,0.263476354,4824,0.060432195,13702,0.171650485,23181,0.290397745
"E14001236","Feltham and Heston","E12000007","London",23808,0.228107155,24107,0.230971909,4147,0.039732879,13030,0.124841912,34121,0.326917181
"E14001237","Filton and Bradley Stoke","E12000009","South West",10267,0.118208508,18970,0.218409994,4608,0.05305394,18382,0.21164009,32536,0.374601347
"E14001238","Finchley and Golders Green","E12000007","London",14383,0.143696362,15384,0.153697061,2716,0.027134765,11521,0.115102954,53056,0.530067038
"E14001239","Folkestone and Hythe","E12000008","South East",15467,0.201597977,20345,0.265178175,4939,0.064375277,13040,0.169964287,20483,0.266976878
"E14001240","Forest of Dean","E12000009","South West",13879,0.18058447,19966,0.259784532,4933,0.064184969,13530,0.17604351,22527,0.293106589
"E14001241","Frome and East Somerset","E12000009","South West",12101,0.161101792,18610,0.247756743,4637,0.061732833,13490,0.179593684,24542,0.326730037
"E14001242","Fylde","E12000002","North West",13010,0.158799907,18979,0.231657451,5215,0.063654229,14262,0.174081805,28368,0.346259475
"E14001243","Gainsborough","E12000004","East Midlands",14326,0.1810736,19810,0.250388665,5360,0.067747766,14323,0.181035681,23191,0.293122843
"E14001244","Gateshead Central and Whickham","E12000001","North East",17081,0.211817956,18480,0.229166667,5383,0.066753472,13491,0.167299107,24117,0.29906994
"E14001245","Gedling","E12000004","East Midlands",14752,0.177668582,19606,0.236128675,5105,0.061483061,15276,0.183979478,26193,0.315460491
"E14001246","Gillingham and Rainham","E12000008","South East",15342,0.186928869,23082,0.281234008,5227,0.063686429,15227,0.185527695,20720,0.252455101
"E14001247","Glastonbury and Somerton","E12000009","South West",12164,0.158064348,19145,0.248778523,4860,0.063152971,13973,0.181571287,24786,0.32208015
"E14001248","Gloucester","E12000009","South West",17702,0.188893869,25188,0.26877521,5636,0.060140427,17314,0.184753612,25215,0.26906332
"E14001249","Godalming and Ash","E12000008","South East",9761,0.12460745,16579,0.211645007,3421,0.043671969,12081,0.154224219,34600,0.441698369
"E14001250","Goole and Pocklington","E12000003","Yorkshire and the Humber",14619,0.170214005,20887,0.243194467,5628,0.065528724,14828,0.172647463,27641,0.321833593
"E14001251","Gorton and Denton","E12000002","North West",21303,0.245933434,20830,0.240472865,4559,0.052631579,13155,0.151868485,23831,0.275118043
"E14001252","Gosport","E12000008","South East",13462,0.169186492,21931,0.275622415,5322,0.066885345,15606,0.196131659,20987,0.263758499
"E14001253","Grantham and Bourne","E12000004","East Midlands",14582,0.179552535,21261,0.261793063,5453,0.067144423,14715,0.181190204,22960,0.282713359
"E14001254","Gravesham","E12000008","South East",17186,0.203254725,22932,0.271211296,4954,0.058589777,13962,0.165125245,22572,0.266953663
"E14001255","Great Grimsby and Cleethorpes","E12000003","Yorkshire and the Humber",22562,0.261764433,25405,0.294748933,5345,0.062012716,13441,0.155942547,16860,0.195609801
"E14001256","Great Yarmouth","E12000006","Eastern",21926,0.265066067,23679,0.286258296,5971,0.072184141,13209,0.159685199,15091,0.182436925
"E14001257","Greenwich and Woolwich","E12000007","London",12301,0.128999444,13836,0.145096846,2492,0.026133372,11644,0.122109546,52810,0.553813564
"E14001258","Guildford","E12000008","South East",9014,0.106324754,14276,0.168392743,2945,0.034737786,17520,0.206657388,39097,0.461169171
"E14001259","Hackney North and Stoke Newington","E12000007","London",16905,0.187676936,14129,0.156858174,2326,0.025822925,10265,0.113960588,43925,0.487649181
"E14001260","Hackney South and Shoreditch","E12000007","London",14459,0.152937319,12887,0.136309788,2079,0.021990227,11265,0.119153392,51552,0.545281462
"E14001261","Halesowen","E12000005","West Midlands",17607,0.23033752,19836,0.259497645,4385,0.057365254,13346,0.174594453,19058,0.249319728
"E14001262","Halifax","E12000003","Yorkshire and the Humber",19013,0.22347728,21211,0.249312396,5425,0.063765016,14765,0.173546628,22378,0.26302922
"E14001263","Hamble Valley","E12000008","South East",10003,0.120451316,20239,0.243708306,5196,0.062567734,16285,0.196096139,29481,0.354996026
"E14001264","Hammersmith and Chiswick","E12000007","London",11129,0.11424905,12458,0.127892414,2224,0.022831331,12002,0.123211169,56891,0.584036547
"E14001265","Hampstead and Highgate","E12000007","London",9763,0.100153878,10696,0.109725072,1636,0.01678293,9995,0.102533853,63062,0.646922446
"E14001266","Harborough, Oadby and Wigston","E12000004","East Midlands",13560,0.162976852,18565,0.223131655,4777,0.057414485,14744,0.177207279,29403,0.353392947
"E14001267","Harlow","E12000006","Eastern",17925,0.203788129,25324,0.287906865,4985,0.056674132,14694,0.167055105,22421,0.254902852
"E14001268","Harpenden and Berkhamsted","E12000006","Eastern",7389,0.098618619,14297,0.190817484,2698,0.036009343,10262,0.13696363,38804,0.517904571
"E14001269","Harrogate and Knaresborough","E12000003","Yorkshire and the Humber",11349,0.134789425,18591,0.220800969,4390,0.052139006,13387,0.158994275,34426,0.408869569
"E14001270","Harrow East","E12000007","London",20077,0.208633393,18680,0.194116241,3171,0.032951959,11767,0.122278684,39153,0.406864732
"E14001271","Harrow West","E12000007","London",16081,0.166551013,17878,0.185162554,3087,0.031972078,12643,0.130943627,43673,0.452321523
"E14001272","Hartlepool","E12000001","North East",17286,0.231449,18039,0.24153121,5205,0.069691776,13776,0.18445224,18526,0.248051844
"E14001273","Harwich and North Essex","E12000006","Eastern",14686,0.179596928,21670,0.265005136,5038,0.061610331,15335,0.18753363,22746,0.278163675
"E14001274","Hastings and Rye","E12000008","South East",17598,0.202837746,22691,0.261540589,4554,0.052490232,14575,0.167994099,24851,0.286437142
"E14001275","Havant","E12000008","South East",15920,0.203484285,20838,0.266344568,4817,0.061569334,13664,0.174648823,20890,0.267009216
"E14001276","Hayes and Harlington","E12000007","London",22147,0.22729092,22679,0.232750747,3960,0.040640811,12851,0.131887643,31283,0.321052145
"E14001277","Hazel Grove","E12000002","North West",12241,0.157744845,18805,0.242332475,5467,0.070451031,13346,0.171984536,25935,0.334213918
"E14001278","Hemel Hempstead","E12000006","Eastern",13393,0.163126355,21536,0.262307861,4235,0.051582178,13699,0.166853426,27066,0.329663102
"E14001279","Hendon","E12000007","London",18109,0.174699493,17743,0.171168651,3370,0.032510757,13256,0.127882074,47393,0.457205426
"E14001280","Henley and Thame","E12000008","South East",9507,0.121544913,16187,0.20694725,3755,0.048006853,12068,0.154286737,34971,0.447096576
"E14001281","Hereford and South Herefordshire","E12000005","West Midlands",15152,0.18901724,19476,0.24295801,4844,0.060427634,13628,0.170005738,24727,0.308462863
"E14001282","Herne Bay and Sandwich","E12000008","South East",17047,0.205279193,21381,0.257469022,5307,0.063906651,14299,0.172187903,22440,0.270221452
"E14001283","Hertford and Stortford","E12000006","Eastern",11384,0.133768889,19638,0.230758384,3834,0.04505182,14133,0.166071303,34098,0.400672135
"E14001284","Hertsmere","E12000006","Eastern",13734,0.16173059,19152,0.225532567,3799,0.044736749,12562,0.147929203,33329,0.392479893
"E14001285","Hexham","E12000001","North East",11489,0.148061756,16582,0.213696582,4620,0.059539152,12653,0.163062529,30411,0.391914532
"E14001286","Heywood and Middleton North","E12000002","North West",17893,0.226786484,19751,0.250335877,4982,0.06314482,13340,0.169079064,20795,0.263568151
"E14001287","High Peak","E12000004","East Midlands",11307,0.149444885,17475,0.230967486,4578,0.060507534,13751,0.181747291,26922,0.355828707
"E14001288","Hinckley and Bosworth","E12000004","East Midlands",15010,0.184070145,20627,0.252952358,5243,0.064295788,14685,0.180084616,23955,0.293764179
"E14001289","Hitchin","E12000006","Eastern",10127,0.128474469,17942,0.227618141,3795,0.048144624,13407,0.170085633,31917,0.40490961
"E14001290","Holborn and St Pancras","E12000007","London",11925,0.130799605,12109,0.132817813,1931,0.021180213,16164,0.177295163,46498,0.510014259
"E14001291","Honiton and Sidmouth","E12000009","South West",12524,0.160667094,19653,0.252123156,5178,0.066427197,13142,0.168595253,25234,0.323720334
"E14001292","Hornchurch and Upminster","E12000007","London",17057,0.197480694,22770,0.26362405,4377,0.050675558,14325,0.165850439,25317,0.293112431
"E14001293","Hornsey and Friern Barnet","E12000007","London",9650,0.11408912,10862,0.12841824,1883,0.022262157,9324,0.110234917,50911,0.60190582
"E14001294","Horsham","E12000008","South East",10019,0.118636843,21275,0.251921233,4005,0.04742395,15648,0.185290879,31439,0.372275047
"E14001295","Houghton and Sunderland South","E12000001","North East",19336,0.23419408,21575,0.261312436,6295,0.076243884,14261,0.172726612,19041,0.230621094
"E14001296","Hove and Portslade","E12000008","South East",10761,0.127233172,15948,0.188561903,3213,0.037989051,13305,0.157312272,39343,0.465173747
"E14001297","Huddersfield","E12000003","Yorkshire and the Humber",19378,0.21659867,19684,0.220019002,5276,0.058972783,15589,0.174246912,26932,0.301033924
"E14001298","Huntingdon","E12000006","Eastern",13453,0.151598472,21779,0.245422071,4732,0.053323717,15423,0.173797906,31060,0.350007325
"E14001299","Hyndburn","E12000002","North West",16861,0.22470248,18467,0.246105255,5416,0.072177726,13226,0.176259712,19142,0.255100817
"E14001300","Ilford North","E12000007","London",16678,0.176956785,19149,0.20317457,2894,0.030705896,12793,0.135736188,39412,0.418168893
"E14001301","Ilford South","E12000007","London",19761,0.200937525,20661,0.210089075,3082,0.031338973,13779,0.140110225,36955,0.375772798
"E14001302","Ipswich","E12000006","Eastern",19542,0.212339186,23873,0.259398905,5626,0.061130911,14924,0.162160987,25182,0.273622218
"E14001303","Isle of Wight East","E12000008","South East",11822,0.197513951,15548,0.259765429,4486,0.074949043,10454,0.174658335,15724,0.262705918
"E14001304","Isle of Wight West","E12000008","South East",10242,0.171468752,15308,0.256282332,4440,0.074333261,10989,0.18397482,17059,0.285597094
"E14001305","Islington North","E12000007","London",12545,0.13606881,11830,0.128313593,2072,0.02247386,10657,0.115590698,53072,0.575643195
"E14001306","Islington South and Finsbury","E12000007","London",13674,0.137948428,12419,0.125287518,2284,0.023041847,12441,0.125509463,55728,0.562204915
"E14001307","Jarrow and Gateshead East","E12000001","North East",17127,0.223581322,19336,0.252418313,6320,0.082503296,13909,0.181572523,18082,0.236048197
"E14001308","Keighley and Ilkley","E12000003","Yorkshire and the Humber",15612,0.195318462,18618,0.232925898,4937,0.061765773,13311,0.166531133,25546,0.319600656
"E14001309","Kenilworth and Southam","E12000005","West Midlands",9252,0.118577379,15447,0.197975008,3780,0.048446011,13894,0.178071131,33963,0.435283563
"E14001310","Kensington and Bayswater","E12000007","London",12632,0.11019899,12823,0.111865235,2146,0.018721266,14098,0.122988075,69414,0.605553568
"E14001311","Kettering","E12000004","East Midlands",16242,0.18294661,24076,0.271187204,5705,0.064259968,15007,0.169035819,25147,0.283250732
"E14001312","Kingston and Surbiton","E12000007","London",11551,0.123652518,15681,0.167863833,3087,0.033046085,14455,0.154739603,46175,0.494299631
"E14001313","Kingston upon Hull East","E12000003","Yorkshire and the Humber",21999,0.268969312,22434,0.27428781,5855,0.071585768,13786,0.168553613,15218,0.186061866
"E14001314","Kingston upon Hull North and Cottingham","E12000003","Yorkshire and the Humber",20611,0.219984417,21359,0.227967938,6060,0.064679325,17571,0.187538023,25061,0.267479961
"E14001315","Kingston upon Hull West and Haltemprice","E12000003","Yorkshire and the Humber",18971,0.220600719,21283,0.247485378,6328,0.073583962,14645,0.170296638,22000,0.255822878
"E14001316","Kingswinford and South Staffordshire","E12000005","West Midlands",13923,0.186378057,18010,0.241088042,4766,0.063799312,13296,0.17798482,22651,0.303214061
"E14001317","Knowsley","E12000002","North West",20819,0.277527461,18757,0.250039992,4071,0.054268423,12778,0.170336995,16955,0.226018449
"E14001318","Lancaster and Wyre","E12000002","North West",12228,0.14906378,15724,0.191681295,4257,0.051894383,19840,0.241856836,28138,0.343012483
"E14001319","Leeds Central and Headingley","E12000003","Yorkshire and the Humber",9374,0.098827647,10544,0.111162654,2203,0.023225657,33918,0.357588664,37079,0.390914266
"E14001320","Leeds East","E12000003","Yorkshire and the Humber",21300,0.242818057,21927,0.2499658,5333,0.060795714,13652,0.155631555,22883,0.260864113
"E14001321","Leeds North East","E12000003","Yorkshire and the Humber",11310,0.146970918,14052,0.182602593,2748,0.035709645,10150,0.131896977,37056,0.481534423
"E14001322","Leeds North West","E12000003","Yorkshire and the Humber",9978,0.132399188,15400,0.204344307,4104,0.054456431,11800,0.156575508,32493,0.431153218
"E14001323","Leeds South","E12000003","Yorkshire and the Humber",24347,0.252674948,22752,0.236121921,5354,0.055564204,13422,0.139294499,27471,0.285096049
"E14001324","Leeds South West and Morley","E12000003","Yorkshire and the Humber",15278,0.196312239,19618,0.252078381,5293,0.068011564,13753,0.176716993,21982,0.282454224
"E14001325","Leeds West and Pudsey","E12000003","Yorkshire and the Humber",16361,0.202435011,19319,0.23903441,5125,0.063411737,13136,0.162532015,24938,0.308558419
"E14001326","Leicester East","E12000004","East Midlands",32120,0.330201287,23200,0.238501553,3311,0.034037872,11077,0.113874211,22462,0.230914736
"E14001327","Leicester South","E12000004","East Midlands",21335,0.221999084,18896,0.196620328,2742,0.028531591,20020,0.208315991,29593,0.307926829
"E14001328","Leicester West","E12000004","East Midlands",24237,0.248238355,23012,0.235691753,4969,0.050893113,15763,0.161446598,25845,0.26470769
"E14001329","Leigh and Atherton","E12000002","North West",18470,0.209977036,23163,0.263329619,5985,0.068040745,15910,0.180873559,22209,0.252484027
"E14001330","Lewes","E12000008","South East",12626,0.158333647,19488,0.244385087,4454,0.055854432,13172,0.165180643,27764,0.348168491
"E14001331","Lewisham East","E12000007","London",16276,0.175690846,18395,0.198564335,3246,0.03503886,12526,0.135211572,39490,0.426273748
"E14001332","Lewisham North","E12000007","London",12546,0.129354875,14286,0.147295054,2547,0.02626071,12628,0.130200332,52625,0.542587304
"E14001333","Lewisham West and East Dulwich","E12000007","London",9337,0.117294574,11649,0.146338705,2039,0.025614613,9201,0.115586096,45813,0.575518511
"E14001334","Leyton and Wanstead","E12000007","London",15266,0.16115275,16722,0.176522749,3076,0.032471234,11814,0.12471234,44704,0.471909638
"E14001335","Lichfield","E12000005","West Midlands",13380,0.167534809,19000,0.237904438,4324,0.054142041,13830,0.173169388,27311,0.341968847
"E14001336","Lincoln","E12000004","East Midlands",16641,0.169334405,22188,0.225779207,5610,0.057085873,24848,0.252846662,26439,0.269036256
"E14001337","Liverpool Garston","E12000002","North West",16342,0.21379978,16690,0.218352609,3662,0.047909362,11930,0.156078288,26278,0.343790884
"E14001338","Liverpool Riverside","E12000002","North West",21982,0.216663217,16137,0.159052603,3486,0.034359384,25187,0.248252954,31990,0.315305992
"E14001339","Liverpool Walton","E12000002","North West",21788,0.267206279,20724,0.254157468,4433,0.054365955,14011,0.171829777,18689,0.229200392
"E14001340","Liverpool Wavertree","E12000002","North West",15565,0.179343004,14080,0.162232541,3030,0.034912258,20255,0.233382111,32096,0.369816451
"E14001341","Liverpool West Derby","E12000002","North West",19783,0.250129598,18876,0.238661795,4313,0.054532121,13478,0.170411298,20783,0.262773261
"E14001342","Loughborough","E12000004","East Midlands",12206,0.143336935,16558,0.194443139,4469,0.052480154,21807,0.256082954,28091,0.329876932
"E14001343","Louth and Horncastle","E12000004","East Midlands",18401,0.223551851,21721,0.263886189,5807,0.070548644,14295,0.173668481,19610,0.238239868
"E14001344","Lowestoft","E12000006","Eastern",18075,0.229751373,21838,0.277582875,6128,0.077893024,13829,0.175780456,16425,0.208778218
"E14001345","Luton North","E12000006","Eastern",19391,0.218981152,21850,0.24675046,4360,0.049237163,13144,0.148434236,26525,0.299544895
"E14001346","Luton South and South Bedfordshire","E12000006","Eastern",22188,0.231264722,22614,0.235704905,4814,0.050176148,13683,0.142617415,28730,0.299451752
"E14001347","Macclesfield","E12000002","North West",10883,0.13669878,17231,0.216434502,4263,0.053546531,13170,0.165425245,32372,0.40661701
"E14001348","Maidenhead","E12000008","South East",10500,0.125235562,17298,0.206316644,3538,0.042198421,13057,0.155733403,37373,0.445755111
"E14001349","Maidstone and Malling","E12000008","South East",14391,0.164866134,22554,0.258383072,5096,0.058380781,15535,0.177972024,27122,0.310714981
"E14001350","Makerfield","E12000002","North West",17831,0.210950347,22144,0.261975463,6343,0.075041111,15274,0.180699658,20865,0.246844204
"E14001351","Maldon","E12000006","Eastern",15358,0.184589128,23599,0.283638418,5159,0.062006466,14807,0.177966611,21978,0.264155479
"E14001352","Manchester Central","E12000002","North West",18996,0.188825161,17727,0.176210972,4060,0.040357452,16189,0.160922854,40914,0.406695758
"E14001353","Manchester Rusholme","E12000002","North West",14594,0.160495321,13023,0.143218484,1988,0.021862731,25346,0.278738824,33627,0.369807876
"E14001354","Manchester Withington","E12000002","North West",8300,0.107783809,9355,0.12148404,1585,0.020582812,14511,0.188439862,41938,0.544606914
"E14001355","Mansfield","E12000004","East Midlands",20944,0.243314203,22735,0.264120914,5677,0.065951811,15126,0.175724343,18864,0.219150073
"E14001356","Melksham and Devizes","E12000009","South West",11082,0.143302342,19338,0.250061423,4385,0.056702831,13698,0.177130074,26924,0.348156673
"E14001357","Melton and Syston","E12000004","East Midlands",13777,0.177291913,19287,0.248198384,5306,0.068281258,13972,0.179801307,23395,0.301062954
"E14001358","Meriden and Solihull East","E12000005","West Midlands",14513,0.18181021,19246,0.241102411,3679,0.046088318,12602,0.157870341,27789,0.348124021
"E14001359","Mid Bedfordshire","E12000006","Eastern",10378,0.130125135,18803,0.23576247,4632,0.058078592,14719,0.184555007,29423,0.368921935
"E14001360","Mid Buckinghamshire","E12000008","South East",9074,0.114886936,17328,0.21939176,3884,0.049175762,12976,0.164290598,34072,0.431389431
"E14001361","Mid Cheshire","E12000002","North West",13322,0.174070977,19615,0.256298019,4425,0.057818952,14195,0.18547797,23238,0.303637694
"E14001362","Mid Derbyshire","E12000004","East Midlands",10887,0.148362655,16353,0.222850602,5181,0.070604107,12982,0.17691228,26329,0.358798599
"E14001363","Mid Dorset and North Poole","E12000009","South West",11772,0.148480759,20755,0.261783737,5482,0.069144709,14296,0.180316083,24870,0.313686414
"E14001364","Mid Leicestershire","E12000004","East Midlands",14200,0.17143547,19381,0.233985271,5429,0.065543885,14480,0.174815888,27279,0.329337197
"E14001365","Mid Norfolk","E12000006","Eastern",16678,0.207259939,22099,0.274627496,5426,0.067429693,14071,0.174862369,19744,0.245361568
"E14001366","Mid Sussex","E12000008","South East",8967,0.113375732,18685,0.236246855,3491,0.04413903,14022,0.177289451,31985,0.404407581
"E14001367","Middlesbrough and Thornaby East","E12000001","North East",22352,0.256336154,20936,0.24009725,5129,0.058820156,14922,0.171127778,21453,0.246026285
"E14001368","Middlesbrough South and East Cleveland","E12000001","North East",15816,0.208999009,17410,0.230062769,5548,0.073313512,14129,0.18670631,20855,0.275586389
"E14001369","Milton Keynes Central","E12000008","South East",14660,0.149468297,23723,0.241871515,3997,0.040752031,14775,0.150640797,38035,0.387791723
"E14001370","Milton Keynes North","E12000008","South East",12153,0.153600182,19924,0.251816838,4051,0.051200061,12920,0.163294195,27961,0.353395432
"E14001371","Mitcham and Morden","E12000007","London",17988,0.181367211,19932,0.200967937,4159,0.041933858,13871,0.139856826,39722,0.400504134
"E14001372","Morecambe and Lunesdale","E12000002","North West",13952,0.170185775,19345,0.23596931,5689,0.069394128,14765,0.180102707,26073,0.318037106
"E14001373","New Forest East","E12000008","South East",12066,0.159537756,19424,0.256825905,5445,0.071994288,14136,0.186907485,22425,0.296505401
"E14001374","New Forest West","E12000008","South East",11885,0.16255659,17854,0.244197339,4951,0.067717095,12233,0.167316346,23955,0.327643511
"E14001375","Newark","E12000004","East Midlands",14936,0.171070565,20755,0.237718906,5246,0.060085444,15550,0.178103059,28511,0.326552818
"E14001376","Newbury","E12000008","South East",11725,0.14813645,19442,0.24563487,4101,0.051813013,13408,0.169399874,28575,0.361023373
"E14001377","Newcastle upon Tyne Central and West","E12000001","North East",24614,0.23296799,21696,0.205349537,5640,0.053381793,21285,0.201459481,29412,0.278380374
"E14001378","Newcastle upon Tyne East and Wallsend","E12000001","North East",19203,0.199700496,20309,0.21120228,6034,0.062750237,19521,0.203007519,28845,0.299971922
"E14001379","Newcastle upon Tyne North","E12000001","North East",11059,0.123612586,14362,0.160532052,3525,0.039400883,19478,0.217716425,39398,0.44037333
"E14001380","Newcastle-under-Lyme","E12000005","West Midlands",15194,0.195955531,17635,0.22743687,5015,0.064677964,15769,0.20337125,22137,0.285498723
"E14001381","Newton Abbot","E12000009","South West",12731,0.161720993,20342,0.258402987,5406,0.068672036,14027,0.178183989,23987,0.304705165
"E14001382","Newton Aycliffe and Spennymoor","E12000001","North East",16633,0.213528294,19214,0.246662216,5015,0.064380713,14899,0.191267844,20222,0.259602547
"E14001383","Normanton and Hemsworth","E12000003","Yorkshire and the Humber",22507,0.268451813,21644,0.258158397,5383,0.06420563,13612,0.16235687,18409,0.219572996
"E14001384","North Bedfordshire","E12000006","Eastern",11519,0.136878379,20703,0.246010338,4816,0.057227735,15115,0.179609055,30142,0.35817242
"E14001385","North Cornwall","E12000009","South West",14499,0.175843501,22361,0.271193635,5485,0.06652194,14820,0.17973658,23046,0.279501298
"E14001386","North Cotswolds","E12000009","South West",10066,0.132014846,17392,0.228094795,3742,0.049076053,12845,0.168461226,30318,0.397618329
"E14001387","North Devon","E12000009","South West",14596,0.177579872,21842,0.265737158,5557,0.067608341,14604,0.177677203,23458,0.285397961
"E14001388","North Dorset","E12000009","South West",12009,0.153953643,20297,0.260204605,5131,0.065778678,14269,0.182926517,24133,0.30938157
"E14001389","North Durham","E12000001","North East",16306,0.207139228,19957,0.253518801,5386,0.068419715,14420,0.183180894,20695,0.262893801
"E14001390","North East Cambridgeshire","E12000006","Eastern",21889,0.258027631,24293,0.286365994,5732,0.067568842,13842,0.163169559,16152,0.190399849
"E14001391","North East Derbyshire","E12000004","East Midlands",15186,0.196597794,19526,0.252783388,5373,0.069558801,13948,0.180570659,21307,0.275840195
"E14001392","North East Hampshire","E12000008","South East",8563,0.105254748,17854,0.219457931,3536,0.043463831,14338,0.176239936,35264,0.4334583
"E14001393","North East Hertfordshire","E12000006","Eastern",12121,0.145422915,20289,0.243419316,4149,0.049778044,13656,0.163839232,31142,0.373629274
"E14001394","North East Somerset and Hanham","E12000009","South West",11654,0.148002337,19256,0.244545477,5325,0.067625918,15314,0.194483249,25386,0.322394656
"E14001395","North Herefordshire","E12000005","West Midlands",13164,0.171023229,17690,0.229823832,4414,0.057345528,12945,0.168178039,26693,0.346788443
"E14001396","North Norfolk","E12000006","Eastern",15399,0.203806398,20176,0.267030189,5355,0.070873645,12053,0.15952195,20192,0.26724195
"E14001397","North Northumberland","E12000001","North East",13747,0.175071954,18303,0.23309391,5611,0.071457681,13078,0.166552049,25703,0.327335014
"E14001398","North Shropshire","E12000005","West Midlands",14983,0.177700555,21690,0.257246549,5318,0.063072252,14843,0.176040135,25214,0.2990417
"E14001399","North Somerset","E12000009","South West",9688,0.124924243,17737,0.228714007,4281,0.055202383,13298,0.171474256,30690,0.395739578
"E14001400","North Warwickshire and Bedworth","E12000005","West Midlands",17751,0.230844257,20944,0.272367873,4703,0.061160529,13269,0.17255774,18148,0.236007074
"E14001401","North West Cambridgeshire","E12000006","Eastern",15685,0.174302955,23758,0.264015914,5047,0.056085879,15848,0.176114328,26970,0.299709958
"E14001402","North West Essex","E12000006","Eastern",11799,0.140688718,20915,0.249385925,4176,0.049793719,14682,0.175064985,30416,0.362673789
"E14001403","North West Hampshire","E12000008","South East",12225,0.140683798,22064,0.253909801,4581,0.052717585,16339,0.188027205,29534,0.339873644
"E14001404","North West Leicestershire","E12000004","East Midlands",15099,0.184658848,19615,0.239888952,5340,0.06530752,15367,0.187936454,24361,0.297931929
"E14001405","North West Norfolk","E12000006","Eastern",20228,0.234682631,23600,0.273804137,5531,0.064169944,13733,0.159328484,20245,0.234879863
"E14001406","Northampton North","E12000004","East Midlands",22633,0.219678146,25611,0.24858291,6158,0.05977016,16284,0.158054121,28476,0.276390884
"E14001407","Northampton South","E12000004","East Midlands",15253,0.174302072,22332,0.255196608,4985,0.056965569,14688,0.167845593,27545,0.314767624
"E14001408","Norwich North","E12000006","Eastern",16333,0.199216939,21814,0.266069816,5619,0.068536092,14076,0.171687849,21806,0.265972239
"E14001409","Norwich South","E12000006","Eastern",13852,0.154322638,17427,0.19415107,3591,0.040006684,20214,0.225200535,32545,0.362577986
"E14001410","Nottingham East","E12000004","East Midlands",17446,0.17178192,17979,0.177030101,3579,0.035240599,25463,0.250721256,34343,0.338158115
"E14001411","Nottingham North and Kimberley","E12000004","East Midlands",20992,0.248655564,22083,0.261578735,4912,0.058183886,13552,0.160526877,20402,0.241666864
"E14001412","Nottingham South","E12000004","East Midlands",15475,0.168367569,15993,0.174003394,3253,0.035392549,29781,0.324016451,25228,0.274479937
"E14001413","Nuneaton","E12000005","West Midlands",17511,0.217961165,21484,0.267413493,4906,0.061065472,13799,0.17175753,20484,0.254966393
"E14001414","Old Bexley and Sidcup","E12000007","London",14102,0.171931578,21220,0.258714232,4470,0.054498238,14498,0.17675961,25367,0.309274454
"E14001415","Oldham East and Saddleworth","E12000002","North West",19422,0.230758263,20344,0.241712806,5463,0.064907445,13922,0.165411211,22564,0.268089252
"E14001416","Oldham West, Chadderton and Royton","E12000002","North West",22804,0.267501877,21759,0.255243524,5081,0.059602571,13716,0.16089527,19449,0.228146115
"E14001417","Orpington","E12000007","London",12512,0.159693682,19158,0.244518187,3516,0.044875558,11866,0.151448628,29179,0.372418634
"E14001418","Ossett and Denby Dale","E12000003","Yorkshire and the Humber",13848,0.179853499,18051,0.23444075,5189,0.067393111,13457,0.174775313,24542,0.318743831
"E14001419","Oxford East","E12000008","South East",15268,0.156593266,15878,0.162849612,3407,0.034943231,16280,0.166972646,44122,0.452528692
"E14001420","Oxford West and Abingdon","E12000008","South East",8508,0.09474493,12859,0.143197586,2969,0.033062729,19010,0.211695008,44640,0.497110213
"E14001421","Peckham","E12000007","London",14639,0.163954439,14210,0.159149709,2612,0.029253979,11262,0.126132584,44357,0.496791246
"E14001422","Pendle and Clitheroe","E12000002","North West",18594,0.213829824,20034,0.230389733,5765,0.066297135,14896,0.171303058,25231,0.290154904
"E14001423","Penistone and Stocksbridge","E12000003","Yorkshire and the Humber",14041,0.188710436,17509,0.235320207,5573,0.07490088,12940,0.173913043,22445,0.301659835
"E14001424","Penrith and Solway","E12000002","North West",15442,0.187758378,19373,0.235555177,5681,0.069074948,13836,0.168231117,25948,0.315500219
"E14001425","Peterborough","E12000006","Eastern",25763,0.255831505,27414,0.27222625,5699,0.056592157,14129,0.140303665,23490,0.233260181
"E14001426","Plymouth Moor View","E12000009","South West",16885,0.208248542,21277,0.262416596,6587,0.081239748,15767,0.194459861,18481,0.227932561
"E14001427","Plymouth Sutton and Devonport","E12000009","South West",14162,0.155859306,19512,0.214738511,5222,0.057470505,21779,0.239687885,28115,0.309418472
"E14001428","Pontefract, Castleford and Knottingley","E12000003","Yorkshire and the Humber",21368,0.260999145,21815,0.26645902,5294,0.064663491,13592,0.166019299,17645,0.215524612
"E14001429","Poole","E12000009","South West",13559,0.167996531,20005,0.247862719,5051,0.062582084,13742,0.170263908,26056,0.322834841
"E14001430","Poplar and Limehouse","E12000007","London",16144,0.142979869,16326,0.144591758,2367,0.020963414,13955,0.123592918,60924,0.539575418
"E14001431","Portsmouth North","E12000008","South East",15796,0.196930596,20752,0.258717632,5297,0.066038324,14816,0.18471282,21308,0.26564935
"E14001432","Portsmouth South","E12000008","South East",13970,0.154177243,18086,0.199602692,3796,0.041893831,22480,0.248096237,29882,0.329786999
"E14001433","Preston","E12000002","North West",19626,0.212081262,21142,0.228463367,4969,0.053695699,17289,0.186827318,26642,0.287897126
"E14001434","Putney","E12000007","London",9359,0.101827875,11210,0.121967142,2057,0.02238059,10911,0.118713959,55964,0.608900011
"E14001435","Queen's Park and Maida Vale","E12000007","London",18278,0.178639145,16035,0.156717294,2788,0.027248382,12992,0.126976681,48942,0.478332258
"E14001436","Rawmarsh and Conisbrough","E12000003","Yorkshire and the Humber",19061,0.248981138,20842,0.272245153,5074,0.06627828,13331,0.174133967,16283,0.212693976
"E14001437","Rayleigh and Wickford","E12000006","Eastern",15003,0.18856755,24181,0.303922677,5014,0.063019243,14805,0.186078956,18218,0.22897578
"E14001438","Reading Central","E12000008","South East",13283,0.13907153,17155,0.179610939,3558,0.037251864,15513,0.162419382,43158,0.451859452
"E14001439","Reading West and Mid Berkshire","E12000008","South East",11384,0.149227906,18712,0.245287471,4118,0.053981071,12588,0.165010618,27488,0.360328238
"E14001440","Redcar","E12000001","North East",17186,0.224521523,18382,0.240146319,5901,0.077091907,14492,0.18932654,18528,0.242053694
"E14001441","Redditch","E12000005","West Midlands",16191,0.201918041,21471,0.267764947,4705,0.058676078,13748,0.171451376,21769,0.271481306
"E14001442","Reigate","E12000008","South East",10975,0.126505677,19534,0.225162815,3558,0.041012045,13722,0.158169558,36797,0.424148464
"E14001443","Ribble Valley","E12000002","North West",11676,0.142619827,17861,0.218168271,5503,0.067217961,14379,0.17563639,30661,0.374517516
"E14001444","Richmond and Northallerton","E12000003","Yorkshire and the Humber",12129,0.154114941,18055,0.229412587,5310,0.067470553,13785,0.175156605,27558,0.350160735
"E14001445","Richmond Park","E12000007","London",7229,0.081977252,11031,0.125092138,1817,0.020604878,9676,0.109726364,56528,0.641030584
"E14001446","Rochdale","E12000002","North West",19335,0.243753309,19155,0.241484078,4499,0.056718187,13194,0.166334686,20650,0.260331308
"E14001447","Rochester and Strood","E12000008","South East",15384,0.186524728,22748,0.275810226,4875,0.059107388,14885,0.180474557,22227,0.269493313
"E14001448","Romford","E12000007","London",16684,0.19261363,22153,0.255752203,4415,0.050970341,14000,0.161627357,26759,0.308927602
"E14001449","Romsey and Southampton North","E12000008","South East",11332,0.136886355,17233,0.208168245,4144,0.050057982,16710,0.201850599,31238,0.377343448
"E14001450","Rossendale and Darwen","E12000002","North West",14999,0.182042164,19814,0.240481594,5338,0.064787057,14998,0.182030027,25389,0.308145109
"E14001451","Rother Valley","E12000003","Yorkshire and the Humber",15547,0.206676061,19927,0.264902159,5237,0.069618739,13310,0.176938211,19197,0.255197809
"E14001452","Rotherham","E12000003","Yorkshire and the Humber",22585,0.260246823,23579,0.271700678,5628,0.064851411,13936,0.160584446,18671,0.215145823
"E14001453","Rugby","E12000005","West Midlands",14520,0.164335189,21227,0.240244013,5812,0.065779347,14615,0.165410385,29569,0.334657522
"E14001454","Ruislip, Northwood and Pinner","E12000007","London",10553,0.130499839,14987,0.185331288,3052,0.037741449,10621,0.131340737,39573,0.489365123
"E14001455","Runcorn and Helsby","E12000002","North West",14529,0.190804507,20259,0.266054685,3984,0.052320542,13499,0.177277861,21910,0.287736716
"E14001456","Runnymede and Weybridge","E12000008","South East",12128,0.141444299,18229,0.212597966,3823,0.04458621,14069,0.164081452,35110,0.409474715
"E14001457","Rushcliffe","E12000004","East Midlands",9723,0.118186901,15225,0.185065882,3605,0.043820197,13955,0.169628531,38039,0.462379054
"E14001458","Rutland and Stamford","E12000004","East Midlands",10985,0.139932741,18501,0.235675524,4605,0.058660926,13377,0.170403302,29171,0.371595628
"E14001459","Salford","E12000002","North West",18823,0.18893283,18597,0.186664392,4458,0.044746457,17824,0.178905529,37421,0.375607259
"E14001460","Salisbury","E12000009","South West",10747,0.140135611,17410,0.227017864,3825,0.049876125,13271,0.173047333,29479,0.384391707
"E14001461","Scarborough and Whitby","E12000003","Yorkshire and the Humber",16602,0.202377034,19866,0.24216493,6486,0.079063814,13911,0.169573962,22904,0.279197903
"E14001462","Scunthorpe","E12000003","Yorkshire and the Humber",20063,0.234115547,23559,0.274910441,6123,0.071449409,14286,0.166703619,18785,0.219202539
"E14001463","Sefton Central","E12000002","North West",12244,0.159705737,17571,0.229188949,4554,0.059400517,13137,0.171353664,27171,0.35440743
"E14001464","Selby","E12000003","Yorkshire and the Humber",13953,0.168936835,20758,0.251328806,5620,0.068044507,15208,0.184131827,25132,0.304287288
"E14001465","Sevenoaks","E12000008","South East",12613,0.158470701,18996,0.238667203,3866,0.048572721,12278,0.154261735,29875,0.375351794
"E14001466","Sheffield Brightside and Hillsborough","E12000003","Yorkshire and the Humber",24118,0.283891472,22010,0.259078336,5118,0.060243658,11887,0.139921135,19334,0.227579307
"E14001467","Sheffield Central","E12000003","Yorkshire and the Humber",8266,0.103416782,8727,0.109184401,1767,0.02210712,23281,0.291271003,36421,0.455666904
"E14001468","Sheffield Hallam","E12000003","Yorkshire and the Humber",7039,0.09158448,12144,0.158005672,3019,0.039280231,14107,0.18354628,39124,0.50904265
"E14001469","Sheffield Heeley","E12000003","Yorkshire and the Humber",18872,0.221687087,19582,0.230027371,5098,0.059885585,13161,0.154600665,26266,0.308543505
"E14001470","Sheffield South East","E12000003","Yorkshire and the Humber",21240,0.252002136,21457,0.254576734,6128,0.072705701,14347,0.170220087,18841,0.223539183
"E14001471","Sherwood Forest","E12000004","East Midlands",17274,0.204341397,21694,0.256627432,5467,0.064671438,15568,0.184160407,22380,0.264742414
"E14001472","Shipley","E12000003","Yorkshire and the Humber",12600,0.157902652,17966,0.225149131,4845,0.060717329,13443,0.168467091,29086,0.364504486
"E14001473","Shrewsbury","E12000005","West Midlands",12530,0.150657096,20079,0.241424088,5324,0.064014236,14483,0.174139403,28658,0.344575503
"E14001474","Sittingbourne and Sheppey","E12000008","South East",20821,0.230665263,26093,0.289071068,5812,0.06438819,15804,0.175084473,18990,0.210380546
"E14001475","Skipton and Ripon","E12000003","Yorkshire and the Humber",12110,0.146962452,18373,0.222967889,5224,0.06339652,13893,0.168600277,30943,0.37551273
"E14001476","Sleaford and North Hykeham","E12000004","East Midlands",13104,0.164257869,19890,0.24931998,5141,0.064442132,15792,0.197951791,23780,0.298080901
"E14001477","Slough","E12000008","South East",21045,0.204114292,23264,0.225636251,4324,0.041938237,13931,0.135115999,35936,0.348541279
"E14001478","Smethwick","E12000005","West Midlands",25178,0.284493961,21092,0.23832499,3837,0.043355442,13008,0.14698139,21961,0.248144089
"E14001479","Solihull West and Shirley","E12000005","West Midlands",11109,0.147661266,16591,0.220528225,3320,0.044129571,12322,0.163784509,30048,0.3993992
"E14001480","South Basildon and East Thurrock","E12000006","Eastern",18247,0.225032681,24172,0.298103248,4415,0.054448363,13806,0.170263671,18060,0.222726488
"E14001481","South Cambridgeshire","E12000006","Eastern",10550,0.122614537,15922,0.185049162,3788,0.044025011,11730,0.13632877,42218,0.490667349
"E14001482","South Cotswolds","E12000009","South West",10260,0.130925796,18054,0.230383462,3981,0.05080074,13192,0.168340458,31124,0.397167103
"E14001483","South Derbyshire","E12000004","East Midlands",12743,0.165676396,19052,0.247702009,4833,0.062835598,14384,0.187011636,23963,0.311551713
"E14001484","South Devon","E12000009","South West",11916,0.154682936,18398,0.238826507,4911,0.063750243,12793,0.166067372,26862,0.348698643
"E14001485","South Dorset","E12000009","South West",14098,0.168644433,22187,0.265407435,6033,0.072168525,15350,0.183621226,23477,0.280838796
"E14001486","South East Cornwall","E12000009","South West",12642,0.16385411,19392,0.251341473,5591,0.072465459,13930,0.180547995,23670,0.306789019
"E14001487","South Holland and The Deepings","E12000004","East Midlands",21131,0.232494939,25541,0.281016196,6350,0.069866209,14952,0.164510166,19402,0.213471525
"E14001488","South Leicestershire","E12000004","East Midlands",12925,0.155803609,20473,0.246790506,5815,0.070096556,15702,0.189278783,26154,0.315271767
"E14001489","South Norfolk","E12000006","Eastern",11213,0.148780617,18329,0.243199852,4271,0.056670116,13321,0.176750789,26519,0.351869543
"E14001490","South Northamptonshire","E12000004","East Midlands",11385,0.137451859,20747,0.250479904,4650,0.056139758,15142,0.182810368,29070,0.350964034
"E14001491","South Ribble","E12000002","North West",12124,0.154796864,18238,0.232859222,5555,0.070925155,14616,0.186614234,25912,0.330839355
"E14001492","South Shields","E12000001","North East",15096,0.205863903,17648,0.240665485,5670,0.077321696,13035,0.17775808,19980,0.27246693
"E14001493","South Shropshire","E12000005","West Midlands",14451,0.177631094,19555,0.240369251,4660,0.057280527,13466,0.165523515,26985,0.331698503
"E14001494","South Suffolk","E12000006","Eastern",13491,0.174354136,20784,0.26860695,4783,0.061814234,13410,0.173307314,22817,0.294880908
"E14001495","South West Devon","E12000009","South West",11004,0.137051475,18695,0.232840542,6133,0.076384651,15812,0.196933654,26741,0.333051027
"E14001496","South West Hertfordshire","E12000006","Eastern",10593,0.133510625,17315,0.218232462,3560,0.044869048,12193,0.153676489,33828,0.426356785
"E14001497","South West Norfolk","E12000006","Eastern",20422,0.23815188,23450,0.27346301,5622,0.065561153,14198,0.165570482,19110,0.222851945
"E14001498","South West Wiltshire","E12000009","South West",13410,0.167637573,21858,0.273245493,4898,0.061229592,14878,0.185988949,22851,0.285658924
"E14001499","Southampton Itchen","E12000008","South East",15737,0.174896365,21614,0.240211605,5589,0.062114493,18156,0.201780415,26273,0.291990353
"E14001500","Southampton Test","E12000008","South East",16187,0.179367278,19446,0.215480082,4532,0.050218849,17100,0.189484182,30171,0.334323231
"E14001501","Southend East and Rochford","E12000006","Eastern",16571,0.208327571,22797,0.286599701,4085,0.05135587,13738,0.172711615,19984,0.251235181
"E14001502","Southend West and Leigh","E12000006","Eastern",15699,0.188212586,22986,0.275575164,4361,0.052283272,14607,0.175120787,23390,0.28041865
"E14001503","Southgate and Wood Green","E12000007","London",21228,0.201787072,18342,0.174353613,3905,0.037119772,13110,0.124619772,45059,0.42831749
"E14001504","Southport","E12000002","North West",14949,0.182149385,19428,0.236724747,5240,0.063847935,14484,0.17648349,25643,0.312452784
"E14001505","Spelthorne","E12000008","South East",14012,0.168086178,21259,0.255020273,4367,0.052385979,13227,0.158669418,27996,0.335836472
"E14001506","Spen Valley","E12000003","Yorkshire and the Humber",15448,0.201124883,18818,0.245000521,5454,0.071008228,13778,0.179382356,21324,0.27762733
"E14001507","St Albans","E12000006","Eastern",8597,0.109510343,14415,0.183621217,2769,0.035272088,10387,0.132311729,40606,0.517247529
"E14001508","St Austell and Newquay","E12000009","South West",14783,0.178698354,22425,0.271075599,5693,0.068817542,15769,0.190617218,21859,0.264233735
"E14001509","St Helens North","E12000002","North West",17470,0.212908572,20508,0.249932971,5505,0.067089965,14287,0.174117045,22138,0.269797938
"E14001510","St Helens South and Whiston","E12000002","North West",17019,0.218105625,19547,0.250503005,4715,0.060424703,13583,0.174071843,21255,0.272391742
"E14001511","St Ives","E12000009","South West",11828,0.15798683,18316,0.244647174,4782,0.063873269,13663,0.182496961,24239,0.323760802
"E14001512","St Neots and Mid Cambridgeshire","E12000006","Eastern",10613,0.125962851,18530,0.219927601,4083,0.048460032,13497,0.160192273,35594,0.422455641
"E14001513","Stafford","E12000005","West Midlands",12683,0.161647188,18811,0.239749685,4346,0.055390576,13775,0.17556493,26713,0.34046214
"E14001514","Staffordshire Moorlands","E12000005","West Midlands",14559,0.202517735,17127,0.238238976,5059,0.070371401,12811,0.17820281,20349,0.283057449
"E14001515","Stalybridge and Hyde","E12000002","North West",15786,0.202465082,20234,0.259513397,5181,0.066449486,14267,0.18298298,20498,0.262899357
"E14001516","Stevenage","E12000006","Eastern",13175,0.164831728,22044,0.275791317,4234,0.05297135,13580,0.169898661,24850,0.310897035
"E14001517","Stockport","E12000002","North West",15075,0.179460013,19305,0.229815957,4648,0.055332016,13350,0.158924788,29726,0.353872527
"E14001518","Stockton North","E12000001","North East",17314,0.218071439,20323,0.255970074,5480,0.069021109,14238,0.179328933,19973,0.251561792
"E14001519","Stockton West","E12000001","North East",9963,0.134333792,16284,0.219561524,4817,0.064948898,14050,0.189439905,27282,0.367850498
"E14001520","Stoke-on-Trent Central","E12000005","West Midlands",23280,0.257180734,22741,0.251226248,5817,0.064262042,15886,0.175497128,20194,0.22308882
"E14001521","Stoke-on-Trent North","E12000005","West Midlands",21032,0.26183303,21255,0.264609218,5975,0.074384384,13168,0.163931977,16702,0.207927695
"E14001522","Stoke-on-Trent South","E12000005","West Midlands",17419,0.227630908,19151,0.250264626,5419,0.07081531,12805,0.167335311,19753,0.258131542
"E14001523","Stone, Great Wyrley and Penkridge","E12000005","West Midlands",14290,0.182876888,19104,0.244484259,4834,0.061863322,13831,0.177002815,24016,0.30734579
"E14001524","Stourbridge","E12000005","West Midlands",16395,0.215610205,19685,0.258876907,4316,0.0567596,12986,0.170778538,20511,0.269739611
"E14001525","Stratford and Bow","E12000007","London",17750,0.170056622,17030,0.16315855,2583,0.024746831,13238,0.126828707,50558,0.484378742
"E14001526","Stratford-on-Avon","E12000005","West Midlands",11853,0.148422239,17775,0.222577009,3990,0.049962434,12836,0.16073128,31348,0.39253694
"E14001527","Streatham and Croydon North","E12000007","London",14623,0.150637658,16468,0.169643777,3326,0.034262521,12554,0.129324021,47250,0.486742073
"E14001528","Stretford and Urmston","E12000002","North West",13939,0.171499932,18753,0.230729481,4248,0.052265709,13251,0.163035053,28993,0.356718383
"E14001529","Stroud","E12000009","South West",11211,0.140569752,18469,0.231574592,4625,0.057990822,13704,0.171828372,29911,0.37504075
"E14001530","Suffolk Coastal","E12000006","Eastern",14001,0.176155308,20715,0.260628327,5083,0.063952391,12869,0.16191291,24456,0.307696179
"E14001531","Sunderland Central","E12000001","North East",17969,0.221421266,18838,0.232129435,5625,0.069313519,13763,0.169593237,22841,0.281456015
"E14001532","Surrey Heath","E12000008","South East",10394,0.129555766,19281,0.240327566,3662,0.045644912,13746,0.17133669,31143,0.388181184
"E14001533","Sussex Weald","E12000008","South East",11032,0.14624705,19980,0.264867301,4227,0.05603574,13587,0.180117719,24696,0.327385529
"E14001534","Sutton and Cheam","E12000007","London",11834,0.142346785,17406,0.209370301,3683,0.044301437,12769,0.153593553,35033,0.421398929
"E14001535","Sutton Coldfield","E12000005","West Midlands",11649,0.147567773,16640,0.210793007,3621,0.045870281,12651,0.160260958,32540,0.412211806
"E14001536","Swindon North","E12000009","South West",14445,0.171523226,25142,0.298541844,5150,0.061152275,14776,0.175453596,22205,0.263667237
"E14001537","Swindon South","E12000009","South West",16214,0.177623435,26551,0.290864674,5045,0.055267684,13869,0.151934095,26015,0.284992825
"E14001538","Tamworth","E12000005","West Midlands",16969,0.206702073,23538,0.286720101,4409,0.053706726,14718,0.179282286,20258,0.246765903
"E14001539","Tatton","E12000002","North West",10102,0.125807938,16376,0.203942862,3723,0.046365369,12208,0.152035568,36115,0.449767737
"E14001540","Taunton and Wellington","E12000009","South West",13931,0.157176221,22222,0.250719258,5295,0.059740729,15509,0.174979974,29154,0.328929406
"E14001541","Telford","E12000005","West Midlands",17450,0.211276985,23224,0.281186057,4643,0.056215418,15018,0.18183139,19902,0.240964731
"E14001542","Tewkesbury","E12000009","South West",11416,0.144259809,19476,0.246111076,4679,0.059126809,13918,0.175876666,27679,0.349769381
"E14001543","The Wrekin","E12000005","West Midlands",15825,0.176837377,22457,0.250947043,4831,0.053984289,17372,0.194124418,26547,0.296650985
"E14001544","Thirsk and Malton","E12000003","Yorkshire and the Humber",14596,0.177789688,19462,0.237061038,5763,0.070197449,13958,0.170018393,26311,0.320486741
"E14001545","Thornbury and Yate","E12000009","South West",11589,0.143224371,20554,0.254019651,5212,0.064413273,14749,0.182277699,26825,0.331520732
"E14001546","Thurrock","E12000006","Eastern",19502,0.211357971,24485,0.265362523,4223,0.045767855,14384,0.155890322,26589,0.288165167
"E14001547","Tipton and Wednesbury","E12000005","West Midlands",27524,0.310206474,23479,0.264617708,4634,0.052227031,13181,0.148555135,16802,0.189365251
"E14001548","Tiverton and Minehead","E12000009","South West",13765,0.178794098,19505,0.253351172,4692,0.060944563,13239,0.171961864,23604,0.306593235
"E14001549","Tonbridge","E12000008","South East",11821,0.150518877,20035,0.255109187,4010,0.051060037,12903,0.164296174,27747,0.353307443
"E14001550","Tooting","E12000007","London",9352,0.104227267,10518,0.117222241,1888,0.021041604,10479,0.116787589,55430,0.617762769
"E14001551","Torbay","E12000009","South West",17606,0.200837297,23763,0.271072174,6458,0.07366848,15102,0.172273365,22123,0.252364167
"E14001552","Torridge and Tavistock","E12000009","South West",14381,0.177685797,21386,0.264236733,5765,0.071229999,14078,0.173942052,23069,0.285031198
"E14001553","Tottenham","E12000007","London",24562,0.224443734,18713,0.170996482,3935,0.035957418,13326,0.121770914,45033,0.411504546
"E14001554","Truro and Falmouth","E12000009","South West",10450,0.130028494,17454,0.217178693,4418,0.054972812,16361,0.203578583,29907,0.372130352
"E14001555","Tunbridge Wells","E12000008","South East",11299,0.133576867,19366,0.228945004,3526,0.0416844,13162,0.155601267,35105,0.415011586
"E14001556","Twickenham","E12000007","London",8108,0.094413004,12773,0.148734251,2207,0.025699248,11065,0.128845572,50008,0.582314446
"E14001557","Tynemouth","E12000001","North East",12294,0.156513768,17341,0.220766655,4981,0.063412647,12581,0.160167539,29457,0.375014322
"E14001558","Uxbridge and South Ruislip","E12000007","London",14874,0.157355197,19839,0.209880984,4177,0.044189368,16080,0.170113727,36630,0.38751653
"E14001559","Vauxhall and Camberwell Green","E12000007","London",12974,0.146352469,12766,0.144006137,2300,0.025945019,10994,0.124017191,47239,0.532876851
"E14001560","Wakefield and Rothwell","E12000003","Yorkshire and the Humber",19415,0.22602652,21642,0.25195292,5662,0.065916155,13395,0.155942582,23280,0.271022271
"E14001561","Wallasey","E12000002","North West",15108,0.192052475,20655,0.262565785,4849,0.061640353,14779,0.187870236,21287,0.270599751
"E14001562","Walsall and Bloxwich","E12000005","West Midlands",25847,0.288767484,22622,0.252737185,4083,0.045616034,12968,0.144880905,20804,0.232426152
"E14001563","Walthamstow","E12000007","London",17009,0.175571337,16753,0.172928838,2838,0.029294577,11832,0.122132992,45342,0.468031958
"E14001564","Warrington North","E12000002","North West",14909,0.187728223,20865,0.262723815,5118,0.064443829,13872,0.17467073,22428,0.282404493
"E14001565","Warrington South","E12000002","North West",12510,0.150440137,19878,0.239044687,4692,0.05642407,14529,0.174719804,29519,0.354983405
"E14001566","Warwick and Leamington","E12000005","West Midlands",11866,0.136252985,15928,0.182895462,3530,0.040533713,15029,0.17257257,38766,0.445135954
"E14001567","Washington and Gateshead South","E12000001","North East",17824,0.23065973,21370,0.276548386,5556,0.071899992,13221,0.171092476,17263,0.22339985
"E14001568","Watford","E12000006","Eastern",13652,0.15634448,18829,0.215632158,3570,0.040884104,12680,0.14521301,35955,0.411761338
"E14001569","Waveney Valley","E12000006","Eastern",15114,0.20105623,19254,0.256129195,4862,0.064677477,12628,0.167985846,21226,0.282362018
"E14001570","Weald of Kent","E12000008","South East",12795,0.167097634,19379,0.253082066,4401,0.057475317,12992,0.169670376,24965,0.326033015
"E14001571","Wellingborough and Rushden","E12000004","East Midlands",19640,0.216918302,25516,0.281817078,5736,0.063352514,14955,0.165173789,21734,0.240045946
"E14001572","Wells and Mendip Hills","E12000009","South West",11166,0.150221983,17600,0.236781918,4232,0.056935289,12848,0.1728508,26767,0.360110319
"E14001573","Welwyn Hatfield","E12000006","Eastern",13208,0.14294527,20295,0.219645235,4104,0.044416065,17750,0.192101646,34486,0.373229148
"E14001574","West Bromwich","E12000005","West Midlands",23797,0.272208369,21967,0.251275423,4361,0.049884468,12996,0.148658232,20954,0.23968795
"E14001575","West Dorset","E12000009","South West",11646,0.145575,18923,0.2365375,4926,0.061575,13452,0.16815,28953,0.3619125
"E14001576","West Ham and Beckton","E12000007","London",21690,0.197908683,20130,0.183674587,3727,0.034006716,14096,0.128617833,45949,0.419258002
"E14001577","West Lancashire","E12000002","North West",14948,0.17813688,19225,0.229106336,4791,0.057094848,18028,0.214841562,24897,0.296700154
"E14001578","West Suffolk","E12000006","Eastern",21743,0.225514702,24167,0.250656019,6236,0.064678733,15425,0.159985479,25618,0.265705544
"E14001579","West Worcestershire","E12000005","West Midlands",12226,0.147171765,18832,0.226692187,4642,0.055878565,13321,0.160352943,31938,0.384457044
"E14001580","Westmorland and Lonsdale","E12000002","North West",11676,0.148911477,17298,0.22061243,5279,0.067326455,13280,0.169368312,29007,0.369944777
"E14001581","Weston-super-Mare","E12000009","South West",13967,0.175108448,21184,0.26559013,5199,0.065181415,15286,0.191645144,21767,0.272899376
"E14001582","Wetherby and Easingwold","E12000003","Yorkshire and the Humber",10568,0.139232168,16545,0.217978446,4129,0.054399094,11898,0.156754763,31069,0.409330452
"E14001583","Whitehaven and Workington","E12000002","North West",16675,0.216100981,18774,0.243303138,6268,0.081230642,14078,0.182444954,19405,0.251480632
"E14001584","Widnes and Halewood","E12000002","North West",15988,0.21293201,20524,0.273343544,4264,0.056788972,13521,0.180075914,18955,0.252447226
"E14001585","Wigan","E12000002","North West",18572,0.217000643,21814,0.254881112,5982,0.069895426,14198,0.165893556,22877,0.267301513
"E14001586","Wimbledon","E12000007","London",8796,0.098822578,11743,0.131931961,2187,0.024570825,10096,0.113428006,53859,0.605102912
"E14001587","Winchester","E12000008","South East",9208,0.106677789,16119,0.186744057,3193,0.036991983,16002,0.185388572,40086,0.464409843
"E14001588","Windsor","E12000008","South East",11550,0.129041628,18728,0.209237369,3509,0.039204076,16003,0.178792483,37186,0.415458182
"E14001589","Wirral West","E12000002","North West",10034,0.136466876,15671,0.213132591,3983,0.054170577,12135,0.165041413,29935,0.407129354
"E14001590","Witham","E12000006","Eastern",14872,0.177533723,23257,0.277629222,5065,0.060463173,15204,0.181496956,23148,0.276328041
"E14001591","Witney","E12000008","South East",10569,0.133517775,18586,0.23479623,4138,0.052275196,14281,0.180411329,29806,0.376538063
"E14001592","Woking","E12000008","South East",10993,0.132476109,17327,0.208806835,3209,0.038671503,12138,0.146274448,37112,0.447234909
"E14001593","Wokingham","E12000008","South East",7719,0.099007234,15895,0.203876148,3082,0.039531066,12281,0.15752142,37302,0.478451593
"E14001594","Wolverhampton North East","E12000005","West Midlands",21941,0.266798803,21872,0.265959775,4640,0.056421606,13025,0.15838177,18061,0.219618668
"E14001595","Wolverhampton South East","E12000005","West Midlands",26884,0.292541731,24554,0.267187534,4500,0.048967333,13392,0.145726784,19112,0.207969706
"E14001596","Wolverhampton West","E12000005","West Midlands",20033,0.220275991,20840,0.229149486,4213,0.046324702,13783,0.151553137,28744,0.316059157
"E14001597","Worcester","E12000005","West Midlands",14869,0.173689067,19398,0.22659362,4558,0.05324331,15703,0.183431261,28872,0.33726214
"E14001598","Worsley and Eccles","E12000002","North West",16377,0.190293045,20780,0.241453836,5386,0.062582789,14462,0.168041644,27030,0.314075899
"E14001599","Worthing West","E12000008","South East",14254,0.169688456,22004,0.261949262,4647,0.05532077,14574,0.173497935,25899,0.308317758
"E14001600","Wycombe","E12000008","South East",13692,0.16284491,18865,0.224369648,3920,0.046622265,13055,0.155268792,32194,0.382897241
"E14001601","Wyre Forest","E12000005","West Midlands",18419,0.217813938,21736,0.257039131,5610,0.066341071,14402,0.170310892,22057,0.260835117
"E14001602","Wythenshawe and Sale East","E12000002","North West",17930,0.207146736,20104,0.232263133,4430,0.051180147,13005,0.150247814,28932,0.334253729
"E14001603","Yeovil","E12000009","South West",15106,0.173831991,23106,0.265891829,6675,0.076812428,15542,0.178849252,23866,0.274637514
"E14001604","York Central","E12000003","Yorkshire and the Humber",11913,0.126729998,15801,0.16809038,4132,0.043956044,24196,0.257396041,36169,0.384764316
"E14001605","York Outer","E12000003","Yorkshire and the Humber",11040,0.141393443,16553,0.212000513,4900,0.062756148,13214,0.16923668,30580,0.39164959
"N05000001","Belfast East","N92000002","Northern Ireland",17565,0.211565331,15509,0.186801406,4898,0.058994989,11799,0.142115533,31370,0.377842552
"N05000002","Belfast North","N92000002","Northern Ireland",23160,0.2744401,18032,0.213674606,5006,0.059319825,13242,0.156914326,23040,0.27301813
"N05000003","Belfast South and Mid Down","N92000002","Northern Ireland",14430,0.143089463,12693,0.125865181,3579,0.035489757,19464,0.193007159,48601,0.481932848
"N05000004","Belfast West","N92000002","Northern Ireland",24982,0.311472957,17855,0.222614268,4631,0.057738823,12362,0.15412812,18841,0.234907613
"N05000005","East Antrim","N92000002","Northern Ireland",16713,0.210637091,16905,0.213056904,5403,0.068095028,13333,0.168038314,25088,0.316188796
"N05000006","East Londonderry","N92000002","Northern Ireland",21291,0.255904518,16501,0.198331711,5291,0.063594514,13453,0.161696655,24917,0.299486773
"N05000007","Fermanagh and South Tyrone","N92000002","Northern Ireland",23741,0.271704548,16503,0.188869051,5427,0.062109455,12800,0.146489963,26591,0.304321454
"N05000008","Foyle","N92000002","Northern Ireland",20707,0.2703299,14599,0.190589955,3859,0.050379248,12251,0.159936814,23837,0.311192052
"N05000009","Lagan Valley","N92000002","Northern Ireland",16902,0.190091661,17760,0.199741326,5523,0.062115504,14073,0.158274757,32632,0.367002193
"N05000010","Mid Ulster","N92000002","Northern Ireland",21354,0.2633955,15208,0.187586343,6021,0.074267318,12741,0.157156602,24140,0.297760016
"N05000011","Newry and Armagh","N92000002","Northern Ireland",22553,0.261663051,15962,0.185193349,6152,0.071376362,13332,0.154679723,26227,0.304289311
"N05000012","North Antrim","N92000002","Northern Ireland",22654,0.271969842,16519,0.198316846,5954,0.071480023,13007,0.156153957,23153,0.277960526
"N05000013","North Down","N92000002","Northern Ireland",13786,0.172198004,16363,0.204386765,4704,0.058756667,12634,0.157808616,30547,0.381556102
"N05000014","South Antrim","N92000002","Northern Ireland",17712,0.209406257,18138,0.214442789,5729,0.067733087,14326,0.169374099,26724,0.315953749
"N05000015","South Down","N92000002","Northern Ireland",18243,0.222954145,15466,0.189015448,6791,0.082995209,13541,0.165489343,26094,0.318903989
"N05000016","Strangford","N92000002","Northern Ireland",17117,0.213938432,17470,0.218350435,6245,0.078053719,13264,0.16578135,24052,0.300616181
"N05000017","Upper Bann","N92000002","Northern Ireland",25118,0.263401846,19414,0.203586409,6190,0.064911913,14442,0.151447148,27743,0.290929111
"N05000018","West Tyrone","N92000002","Northern Ireland",22596,0.288056296,14644,0.186683324,4968,0.063332611,11940,0.152212435,22734,0.289815535
"S14000021","East Renfrewshire","S92000003","Scotland",9004,0.12,20174,0.26,4641,0.06,9105,0.12,34533,0.45
"S14000027","Na h-Eileanan an Iar","S92000003","Scotland",3952,0.18,6082,0.27,2345,0.11,2887,0.13,6905,0.31
"S14000045","Midlothian","S92000003","Scotland",12622,0.16,25901,0.33,7218,0.09,9489,0.12,23086,0.29
"S14000048","North Ayrshire and Arran","S92000003","Scotland",15263,0.2,22904,0.29,6758,0.09,12505,0.16,20120,0.26
"S14000051","Orkney and Shetland","S92000003","Scotland",6004,0.16,11068,0.3,3968,0.11,4748,0.13,11457,0.31
"S14000060","Aberdeen North","S92000003","Scotland",14353,0.15,30040,0.33,7575,0.08,11520,0.12,29692,0.32
"S14000061","Aberdeen South","S92000003","Scotland",9300,0.1,26513,0.28,5564,0.06,12018,0.13,42249,0.44
"S14000062","Aberdeenshire North and Moray East","S92000003","Scotland",17021,0.21,27201,0.34,8570,0.11,11393,0.14,16934,0.21
"S14000063","Airdrie and Shotts","S92000003","Scotland",17493,0.23,25202,0.33,6432,0.08,11069,0.14,16255,0.21
"S14000064","Alloa and Grangemouth","S92000003","Scotland",14279,0.18,25813,0.33,7283,0.09,11606,0.15,19361,0.25
"S14000065","Angus and Perthshire Glens","S92000003","Scotland",13714,0.17,24480,0.29,7701,0.09,11426,0.14,25261,0.31
"S14000066","Arbroath and Broughty Ferry","S92000003","Scotland",13744,0.17,24520,0.3,7838,0.1,12044,0.15,24359,0.3
"S14000067","Argyll, Bute and South Lochaber","S92000003","Scotland",12047,0.15,23401,0.3,6290,0.08,9594,0.12,26567,0.34
"S14000068","Bathgate and Linlithgow","S92000003","Scotland",12656,0.16,25559,0.33,5931,0.08,10827,0.14,21866,0.28
"S14000069","Caithness, Sutherland and Easter Ross","S92000003","Scotland",14157,0.18,25409,0.32,8032,0.1,9921,0.12,23077,0.29
"S14000070","Coatbridge and Bellshill","S92000003","Scotland",17896,0.23,25598,0.33,6516,0.08,11747,0.15,16712,0.21
"S14000071","Cowdenbeath and Kirkcaldy","S92000003","Scotland",13891,0.18,23824,0.3,6636,0.08,12353,0.16,22153,0.28
"S14000072","Cumbernauld and Kirkintilloch","S92000003","Scotland",12970,0.17,24298,0.32,6441,0.09,11958,0.16,19977,0.26
"S14000073","Dumfries and Galloway","S92000003","Scotland",17093,0.21,26244,0.32,6695,0.08,9389,0.12,21790,0.27
"S14000074","Dumfriesshire, Clydesdale and Tweeddale","S92000003","Scotland",14514,0.2,23191,0.32,6191,0.08,8121,0.11,21827,0.3
"S14000075","Dundee Central","S92000003","Scotland",15234,0.17,28408,0.31,6016,0.07,12057,0.13,28547,0.32
"S14000076","Dunfermline and Dollar","S92000003","Scotland",11173,0.14,24177,0.31,6258,0.08,11958,0.15,24725,0.32
"S14000077","East Kilbride and Strathaven","S92000003","Scotland",11840,0.15,24909,0.31,6834,0.09,12514,0.16,23550,0.3
"S14000078","Edinburgh East and Musselburgh","S92000003","Scotland",11204,0.11,30214,0.31,4897,0.05,9816,0.1,43573,0.44
"S14000079","Edinburgh North and Leith","S92000003","Scotland",8711,0.09,21488,0.23,3271,0.03,8757,0.09,53481,0.56
"S14000080","Edinburgh South","S92000003","Scotland",7164,0.08,22315,0.26,3155,0.04,6870,0.08,45108,0.53
"S14000081","Edinburgh South West","S92000003","Scotland",9277,0.1,25891,0.28,4336,0.05,9151,0.1,42732,0.47
"S14000082","Edinburgh West","S92000003","Scotland",8053,0.1,21252,0.27,4612,0.06,7903,0.1,39046,0.48
"S14000083","Falkirk","S92000003","Scotland",13795,0.17,26277,0.33,7546,0.09,11845,0.15,20888,0.26
"S14000084","Glasgow East","S92000003","Scotland",18619,0.22,23126,0.28,5163,0.06,11081,0.13,25533,0.31
"S14000085","Glasgow North","S92000003","Scotland",14970,0.16,27207,0.29,3411,0.04,10301,0.11,40015,0.42
"S14000086","Glasgow North East","S92000003","Scotland",24315,0.27,26588,0.3,5398,0.06,11782,0.13,21611,0.24
"S14000087","Glasgow South","S92000003","Scotland",12950,0.17,18921,0.24,4074,0.05,9852,0.13,31661,0.41
"S14000088","Glasgow South West","S92000003","Scotland",17782,0.22,22033,0.27,4411,0.06,10795,0.14,24418,0.31
"S14000089","Glasgow West","S92000003","Scotland",13582,0.16,21140,0.25,3942,0.05,9722,0.12,35961,0.43
"S14000090","Glenrothes and Mid Fife","S92000003","Scotland",16525,0.22,25437,0.34,7104,0.09,12807,0.17,14555,0.19
"S14000091","Gordon and Buchan","S92000003","Scotland",9847,0.13,22956,0.3,7984,0.11,10216,0.14,24128,0.32
"S14000092","Hamilton and Clyde Valley","S92000003","Scotland",16443,0.2,24968,0.31,6887,0.08,11383,0.14,21381,0.26
"S14000093","Inverclyde and Renfrewshire West","S92000003","Scotland",14724,0.19,22130,0.29,6498,0.09,11919,0.16,20645,0.27
"S14000094","Inverness, Skye and West Ross-shire","S92000003","Scotland",13817,0.16,27243,0.3,7019,0.08,11545,0.13,28507,0.32
"S14000095","Livingston","S92000003","Scotland",13704,0.16,29524,0.35,6152,0.07,11743,0.14,22317,0.27
"S14000096","Lothian East","S92000003","Scotland",11548,0.15,24580,0.31,6495,0.08,9089,0.11,27636,0.35
"S14000097","Mid Dunbartonshire","S92000003","Scotland",9007,0.11,19384,0.24,5160,0.07,9238,0.12,35750,0.46
"S14000098","Moray West, Nairn and Strathspey","S92000003","Scotland",12638,0.15,26203,0.32,7771,0.09,11058,0.13,24930,0.3
"S14000099","Motherwell, Wishaw and Carluke","S92000003","Scotland",16390,0.2,25107,0.31,6878,0.09,12065,0.15,19927,0.25
"S14000100","North East Fife","S92000003","Scotland",9872,0.12,24650,0.31,5557,0.07,10376,0.13,28995,0.36
"S14000101","Paisley and Renfrewshire North","S92000003","Scotland",13422,0.17,22552,0.29,6487,0.08,11974,0.15,22879,0.3
"S14000102","Paisley and Renfrewshire South","S92000003","Scotland",14430,0.18,24094,0.3,6827,0.09,11771,0.15,22598,0.28
"S14000103","Perth and Kinross-shire","S92000003","Scotland",12092,0.14,24585,0.29,6480,0.08,11360,0.13,30609,0.36
"S14000104","Rutherglen","S92000003","Scotland",15109,0.2,22820,0.29,6128,0.08,10806,0.14,22613,0.29
"S14000105","Stirling and Strathallan","S92000003","Scotland",10962,0.13,24958,0.29,5407,0.06,10415,0.12,34016,0.4
"S14000106","West Dunbartonshire","S92000003","Scotland",16191,0.21,23848,0.32,7312,0.1,12165,0.16,16408,0.22
"S14000107","Ayr, Carrick and Cumnock","S92000003","Scotland",16031,0.21,23625,0.31,6350,0.08,10340,0.14,19865,0.26
"S14000108","Berwickshire, Roxburgh and Selkirk","S92000003","Scotland",14840,0.18,25707,0.31,7109,0.09,9841,0.12,24326,0.3
"S14000109","Central Ayrshire","S92000003","Scotland",13872,0.19,22183,0.3,6274,0.09,11400,0.16,19627,0.27
"S14000110","Kilmarnock and Loudoun","S92000003","Scotland",16653,0.21,24128,0.3,6845,0.09,12173,0.15,19746,0.25
"S14000111","West Aberdeenshire and Kincardine","S92000003","Scotland",8650,0.11,22495,0.28,7090,0.09,10214,0.13,30372,0.39
"W07000081","Aberafan Maesteg","W92000004","Wales",20353,0.270112807,18729,0.248560053,4464,0.05924353,11964,0.158779031,17863,0.237067021
"W07000082","Alyn and Deeside","W92000004","Wales",15871,0.190076409,21550,0.258090015,5562,0.066612374,15108,0.180938466,22910,0.274377829
"W07000083","Bangor Aberconwy","W92000004","Wales",12484,0.160279372,16472,0.21148044,4386,0.056310904,15314,0.196613129,27056,0.347366124
"W07000084","Blaenau Gwent and Rhymney","W92000004","Wales",22275,0.287389689,20419,0.263443774,4405,0.056832843,12094,0.156035506,16164,0.208546215
"W07000085","Brecon, Radnor and Cwm Tawe","W92000004","Wales",14732,0.189762218,18065,0.232694438,4924,0.063425819,12939,0.166666667,25002,0.322049617
"W07000086","Bridgend","W92000004","Wales",14592,0.185575664,17943,0.228192443,4354,0.055372563,13042,0.165863336,26462,0.336533937
"W07000087","Caerfyrddin","W92000004","Wales",15204,0.19379756,18162,0.231501663,4594,0.058557353,12411,0.158196627,26105,0.332746995
"W07000088","Caerphilly","W92000004","Wales",17674,0.225753299,19581,0.250111765,4180,0.05339192,13444,0.17172272,21387,0.27318014
"W07000089","Cardiff East","W92000004","Wales",15954,0.182797301,16978,0.194530059,3583,0.041053198,15792,0.180941141,32414,0.371392234
"W07000090","Cardiff North","W92000004","Wales",9889,0.128268652,14328,0.185846218,3235,0.041960672,13743,0.178258275,34214,0.443784373
"W07000091","Cardiff South and Penarth","W92000004","Wales",12654,0.140431482,13559,0.150474985,3177,0.035257691,21711,0.2409442,36726,0.407577574
"W07000092","Cardiff West","W92000004","Wales",15329,0.187986706,16409,0.201231252,3512,0.043069301,11431,0.140183707,32712,0.401162577
"W07000093","Ceredigion Preseli","W92000004","Wales",12363,0.154119451,17224,0.214717579,4384,0.054651757,16172,0.201603151,28171,0.351184911
"W07000094","Clwyd East","W92000004","Wales",13803,0.171892902,19136,0.238306351,5247,0.065342466,13660,0.17011208,26352,0.328169365
"W07000095","Clwyd North","W92000004","Wales",17300,0.210431567,19915,0.242239576,5291,0.064358001,13440,0.163479784,23822,0.289763052
"W07000096","Dwyfor Meirionnydd","W92000004","Wales",13752,0.174935124,18579,0.236337964,4875,0.062013433,12756,0.162265303,26670,0.339261181
"W07000097","Gower","W92000004","Wales",12381,0.154656174,17604,0.219898819,4669,0.058322403,13431,0.167772157,29980,0.374492536
"W07000098","Llanelli","W92000004","Wales",15961,0.207191536,18798,0.244018953,5058,0.065658467,12607,0.163652885,22539,0.292581294
"W07000099","Merthyr Tydfil and Aberdare","W92000004","Wales",21039,0.259820932,19915,0.245940105,4381,0.054103118,12837,0.158530411,20568,0.254004322
"W07000100","Mid and South Pembrokeshire","W92000004","Wales",15956,0.190576291,20566,0.245637503,5286,0.063135264,14326,0.171107793,25473,0.304246044
"W07000101","Monmouthshire","W92000004","Wales",12315,0.157402319,17052,0.217947571,3958,0.050588581,12172,0.155574586,30809,0.393780595
"W07000102","Montgomeryshire and Glyndwr","W92000004","Wales",16704,0.206148416,20271,0.250169692,4968,0.061311382,13742,0.169593602,23189,0.286181491
"W07000103","Neath and Swansea East","W92000004","Wales",17985,0.219187598,19083,0.232569193,5463,0.066578919,15001,0.18282086,22370,0.272628667
"W07000104","Newport East","W92000004","Wales",21090,0.239948119,21116,0.240243931,4659,0.053007031,13758,0.156529456,24525,0.279029285
"W07000105","Newport West and Islwyn","W92000004","Wales",16652,0.202202713,20019,0.243087684,4294,0.052141391,13473,0.163600597,25666,0.311658349
"W07000106","Pontypridd","W92000004","Wales",18144,0.219676974,19557,0.236784754,4097,0.049604087,14540,0.176041843,24157,0.292478873
"W07000107","Rhondda and Ogmore","W92000004","Wales",22864,0.280288821,20875,0.255905753,4420,0.054184595,13313,0.163203511,17852,0.218846922
"W07000108","Swansea West","W92000004","Wales",18254,0.209440543,17976,0.206250861,4769,0.054717977,17437,0.200066547,26251,0.301195557
"W07000109","Torfaen","W92000004","Wales",16631,0.221413071,19155,0.255015776,4311,0.057393527,12736,0.169557866,20128,0.267969592
"W07000110","Vale of Glamorgan","W92000004","Wales",12645,0.164687036,18288,0.238180823,4138,0.053892839,13386,0.174337735,26325,0.342853794
"W07000111","Wrexham","W92000004","Wales",16561,0.204277732,19779,0.243971333,4918,0.060662876,12940,0.159613179,24464,0.301760186
"W07000112","Ynys Môn","W92000004","Wales",10270,0.179711971,13283,0.232435648,3752,0.06565524,9930,0.173762402,18445,0.3227641
